path,category_guess,lines,includes,gl_calls,gl_raw_refs,gl_call_exprs,gl_known_false_refs,gGL,LLGL,LLRender,LLPipeline,LLDrawPool,LLRenderTarget,LLImageGL,LLViewerTexture,LLViewerWindow
indra/llrender/llglcontainment.cpp,render.legacy_low_level,1140,3,160,161,160,0,0,321,0,0,0,0,0,0,0
indra/llrender/llgl.cpp,render.legacy_low_level,2948,20,0,2134,0,0,31,164,9,0,0,0,2,0,2
indra/llrender/llglheaders.h,render.legacy_low_level,1076,16,0,762,0,0,0,1,0,0,0,0,0,0,0
indra/llrender/llgl.h,render.legacy_low_level,485,15,0,24,0,0,0,63,0,0,0,0,0,0,0
indra/llrender/llimagegl.cpp,render.legacy_low_level,2841,13,0,13,0,0,32,81,3,0,0,0,123,0,0
indra/llrender/llpostprocess.cpp,render.legacy_low_level,474,8,0,7,0,0,18,16,4,0,0,0,5,0,0
indra/llrender/llshadermgr.cpp,render.legacy_low_level,1564,11,0,7,0,0,0,60,0,0,0,0,0,0,0
indra/llrender/llvertexbuffer.cpp,render.legacy_low_level,1966,14,0,5,0,0,33,22,6,0,0,0,2,0,0
indra/llui/llui.cpp,unknown,764,33,0,4,4,4,0,0,2,0,0,0,0,0,0
indra/newview/llviewerjointmesh.cpp,render.draw_pool,532,26,0,3,0,0,12,4,2,0,4,0,0,0,0
indra/newview/llviewershadermgr.h,render.opengl_touching,340,3,0,2,0,2,0,135,0,0,0,0,0,0,0
indra/llprimitive/llgltfmaterial.cpp,render.opengl_touching,957,5,0,2,0,2,0,80,0,0,0,0,0,0,0
indra/newview/marefsr2upscaler.h,render.opengl_touching,104,2,0,2,0,0,0,20,0,0,0,5,0,0,0
indra/llwindow/llwindowwin32.cpp,render.opengl_touching,5208,40,0,2,2,2,0,2,2,0,0,0,0,0,0
indra/newview/app_settings/shaders/class1/deferred/pbrterrainF.glsl,assets.texture,440,0,0,2,0,2,0,0,0,0,0,0,0,1,0
indra/newview/llfilepicker.cpp,viewer.misc,1834,13,0,2,1,2,0,0,0,0,0,0,0,0,0
indra/llui/llui.h,unknown,476,15,0,2,2,2,0,0,0,0,0,0,0,0,0
indra/llwindow/llwindowmacosx-objc.h,unknown,187,6,0,2,0,2,0,0,0,0,0,0,0,0,0
indra/newview/app_settings/shaders/class1/deferred/textureUtilV.glsl,assets.texture,185,0,0,2,0,2,0,0,0,0,0,0,0,0,0
indra/llrender/llrender2dutils.cpp,render.legacy_low_level,1872,14,0,1,0,0,577,3,33,0,0,2,0,0,0
indra/newview/lldrawpoolterrain.cpp,render.pipeline,1124,24,0,1,0,1,189,85,31,1,30,0,0,22,0
indra/newview/llselectmgr.cpp,render.pipeline,9001,71,0,1,0,1,68,51,14,1,0,0,0,3,0
indra/llrender/llcubemap.cpp,render.legacy_low_level,346,13,0,1,0,0,21,4,4,0,0,0,6,0,0
indra/newview/llfetchedgltfmaterial.cpp,render.pipeline,265,8,0,1,0,1,0,16,0,2,0,0,0,4,0
indra/newview/llscenemonitor.h,assets.texture,130,6,0,1,0,1,0,1,0,0,0,5,0,2,0
indra/newview/app_settings/shaders/class2/interface/irradianceGenF.glsl,viewer.misc,215,0,0,1,0,1,0,0,0,0,0,0,0,0,0
indra/newview/app_settings/shaders/class1/interface/radianceGenF.glsl,viewer.misc,170,0,0,1,0,1,0,0,0,0,0,0,0,0,0
indra/newview/pipeline.cpp,render.pipeline,12043,98,0,0,0,0,340,230,89,564,137,60,19,8,0
indra/newview/llspatialpartition.cpp,render.pipeline,4192,29,0,0,0,0,206,46,32,44,0,0,0,17,0
indra/newview/llmaniptranslate.cpp,render.pipeline,2322,32,0,0,0,0,196,29,18,10,0,0,1,1,0
indra/newview/llviewerdisplay.cpp,render.pipeline,1954,69,0,0,0,0,129,54,12,63,2,1,1,6,0
indra/newview/llglsandbox.cpp,render.pipeline,1131,33,0,0,0,0,129,24,16,1,0,2,3,0,0
indra/newview/llvoavatar.cpp,render.pipeline,12712,91,0,0,0,0,96,14,6,23,11,0,4,18,0
indra/newview/llnetmap.cpp,assets.texture,1805,38,0,0,0,0,92,1,5,0,0,0,0,1,0
indra/newview/llworldmapview.cpp,render.opengl_touching,1983,31,0,0,0,0,88,2,8,0,0,0,0,0,0
indra/llappearance/lltexlayer.cpp,render.opengl_touching,1977,18,0,0,0,0,85,20,17,0,0,11,0,0,0
indra/newview/llmanipscale.cpp,render.opengl_touching,2080,32,0,0,0,0,78,13,7,0,0,0,0,0,0
indra/newview/llfasttimerview.cpp,render.opengl_touching,1669,27,0,0,0,0,75,7,12,0,0,1,0,0,0
indra/newview/llfloaterimagepreview.cpp,render.draw_pool,1090,39,0,0,0,0,72,8,11,0,2,0,0,0,0
indra/newview/llmaniprotate.cpp,render.opengl_touching,1976,33,0,0,0,0,70,13,6,0,0,0,0,0,1
indra/newview/llreflectionmapmanager.cpp,render.pipeline,1637,16,0,0,0,0,69,17,3,13,0,1,3,0,0
indra/newview/llsnapshotlivepreview.cpp,assets.texture,1105,30,0,0,0,0,64,3,3,0,0,0,0,3,0
indra/newview/llmodelpreview.cpp,render.opengl_touching,4172,42,0,0,0,0,58,30,17,0,0,0,0,0,0
indra/newview/gltfscenemanager.cpp,render.pipeline,1210,23,0,0,0,0,56,38,5,8,0,0,0,2,0
indra/newview/lldrawpoolbump.cpp,render.pipeline,1083,23,0,0,0,0,47,23,9,8,26,1,3,8,0
indra/newview/lldrawpoolavatar.cpp,render.pipeline,991,27,0,0,0,0,46,4,1,17,59,0,0,1,0
indra/newview/llviewerwindow.cpp,render.pipeline,6505,171,0,0,0,0,44,18,13,63,2,2,5,4,174
indra/llrender/llrender.cpp,render.legacy_low_level,2174,14,0,0,0,0,39,111,101,0,0,2,7,0,0
indra/newview/lltracker.cpp,render.opengl_touching,928,33,0,0,0,0,39,3,3,0,0,0,0,0,0
indra/newview/lltoolmorph.cpp,render.opengl_touching,337,28,0,0,0,0,37,4,7,0,0,0,0,0,0
indra/newview/lldrawpoolwlsky.cpp,render.pipeline,523,18,0,0,0,0,36,11,8,5,19,0,1,12,0
indra/newview/llvoicevisualizer.cpp,render.opengl_touching,616,12,0,0,0,0,36,4,4,0,0,0,0,0,0
indra/newview/llfloaterbvhpreview.cpp,render.draw_pool,1212,37,0,0,0,0,32,2,5,0,2,0,0,0,0
indra/newview/lljoystickbutton.cpp,render.opengl_touching,1129,13,0,0,0,0,32,2,2,0,0,0,0,0,0
indra/newview/llmanip.cpp,render.opengl_touching,663,27,0,0,0,0,31,1,5,0,0,0,0,0,0
indra/newview/llmediactrl.cpp,render.opengl_touching,1312,33,0,0,0,0,30,0,1,0,0,0,0,0,0
indra/llappearance/llavatarjoint.cpp,world.avatar,316,5,0,0,0,0,30,0,1,0,0,0,0,0,0
indra/newview/llsceneview.cpp,render.opengl_touching,436,9,0,0,0,0,29,0,8,0,0,0,0,0,0
indra/newview/lldrawpoolalpha.cpp,render.pipeline,1291,26,0,0,0,0,28,31,28,21,51,0,0,0,0
indra/newview/llscenemonitor.cpp,render.pipeline,765,18,0,0,0,0,26,14,0,10,0,8,0,0,0
indra/newview/llviewerparceloverlay.cpp,render.pipeline,845,21,0,0,0,0,23,4,4,1,0,0,0,0,0
indra/llui/llfloater.cpp,ui,3797,32,0,0,0,0,23,1,1,0,0,0,0,0,0
indra/newview/llheroprobemanager.cpp,render.pipeline,662,17,0,0,0,0,22,6,3,5,0,2,0,0,0
indra/newview/lltoolbrush.cpp,render.opengl_touching,722,26,0,0,0,0,22,1,2,0,0,0,0,0,0
indra/newview/lldrawpool.cpp,render.draw_pool,920,28,0,0,0,0,21,13,11,0,49,0,0,3,0
indra/llrender/llfontgl.cpp,render.legacy_low_level,1424,18,0,0,0,0,21,0,5,0,0,0,1,0,0
indra/newview/llhudeffectblob.cpp,render.opengl_touching,106,5,0,0,0,0,19,1,1,0,0,0,0,0,0
indra/newview/llfloatermodelpreview.cpp,ui,2124,37,0,0,0,0,17,0,1,0,0,0,0,0,0
indra/newview/animationexplorer.cpp,render.opengl_touching,564,24,0,0,0,0,17,0,1,0,0,0,0,0,0
indra/newview/llhudeffectlookat.cpp,render.opengl_touching,827,23,0,0,0,0,16,4,2,0,0,0,0,0,0
indra/newview/llhudicon.cpp,assets.texture,354,10,0,0,0,0,16,3,1,0,0,0,0,1,0
indra/llui/llstatbar.cpp,render.opengl_touching,723,13,0,0,0,0,16,1,1,0,0,0,0,0,0
indra/newview/llbox.cpp,render.opengl_touching,132,4,0,0,0,0,16,0,1,0,0,0,0,0,0
indra/newview/llface.cpp,render.pipeline,2643,31,0,0,0,0,15,22,38,5,3,0,0,14,0
indra/newview/llterrainpaintmap.cpp,assets.texture,288,13,0,0,0,0,15,11,4,0,0,1,0,2,0
indra/newview/maretaaupscaler.cpp,render.opengl_touching,182,12,0,0,0,0,15,7,2,0,0,4,0,0,0
indra/newview/qtoolalign.cpp,render.opengl_touching,572,14,0,0,0,0,15,4,2,0,0,0,0,0,0
indra/newview/llhudeffectpointat.cpp,render.opengl_touching,524,18,0,0,0,0,15,4,1,0,0,0,0,0,0
indra/newview/RRInterface.cpp,render.pipeline,6996,75,0,0,0,0,14,9,1,15,3,0,0,1,0
indra/llui/llview.cpp,render.opengl_touching,2959,25,0,0,0,0,14,0,2,0,0,0,0,0,0
indra/llrender/llrendertarget.cpp,render.legacy_low_level,675,5,0,0,0,0,12,29,0,0,0,42,11,0,0
indra/llrender/llglslshader.cpp,render.legacy_low_level,2093,12,0,0,0,0,11,292,1,0,0,2,0,0,0
indra/newview/lldrawpoolmaterials.cpp,render.draw_pool,291,7,0,0,0,0,11,8,3,0,9,0,0,0,0
indra/newview/llprogressview.cpp,assets.texture,713,25,0,0,0,0,11,1,0,0,0,0,0,1,0
indra/llui/llbadge.cpp,render.opengl_touching,390,5,0,0,0,0,10,0,2,0,0,0,0,0,0
indra/newview/llcylinder.cpp,render.opengl_touching,74,9,0,0,0,0,10,0,2,0,0,0,0,0,0
indra/newview/marenisupscaler.cpp,render.opengl_touching,135,9,0,0,0,0,9,4,2,0,0,8,0,0,0
indra/newview/llviewerjointattachment.cpp,render.pipeline,720,20,0,0,0,0,9,1,1,3,0,0,0,0,0
indra/llrender/llrendersphere.cpp,render.legacy_low_level,130,6,0,0,0,0,9,1,2,0,0,0,0,0,0
indra/llrender/llfontvertexbuffer.cpp,render.legacy_low_level,240,3,0,0,0,0,9,0,1,0,0,0,0,0,0
indra/newview/llhudrender.cpp,render.opengl_touching,136,12,0,0,0,0,9,0,4,0,0,0,0,0,0
indra/llappearance/lltexlayerparams.cpp,render.opengl_touching,599,11,0,0,0,0,8,1,3,0,0,0,0,0,0
indra/llui/llviewborder.cpp,render.opengl_touching,271,6,0,0,0,0,8,0,0,0,0,0,0,0,0
indra/newview/llagent.cpp,render.pipeline,5766,73,0,0,0,0,7,0,1,1,0,0,0,0,0
indra/llui/llmenugl.cpp,render.opengl_touching,4422,20,0,0,0,0,7,0,0,0,0,0,0,0,0
indra/newview/lltextureview.cpp,assets.texture,1077,30,0,0,0,0,6,16,0,0,0,2,3,2,0
indra/newview/lldrawpoolsimple.cpp,render.pipeline,228,14,0,0,0,0,6,10,3,4,18,0,0,0,0
indra/newview/llhudeffectbeam.cpp,render.opengl_touching,354,13,0,0,0,0,6,1,0,0,0,0,0,0,0
indra/llui/lltabcontainer.cpp,render.opengl_touching,2205,14,0,0,0,0,6,0,0,0,0,0,0,0,0
indra/newview/llscrollingpanelparam.cpp,render.opengl_touching,354,13,0,0,0,0,6,0,0,0,0,0,0,0,0
indra/llrender/llrendernavprim.cpp,render.legacy_low_level,60,6,0,0,0,0,6,0,1,0,0,0,0,0,0
indra/newview/llviewercamera.cpp,render.opengl_touching,995,25,0,0,0,0,5,6,2,0,0,0,0,0,0
indra/newview/lldrawpoolwater.cpp,render.pipeline,339,22,0,0,0,0,5,4,1,1,19,3,0,3,0
indra/llui/lltextbase.cpp,render.opengl_touching,4485,20,0,0,0,0,5,0,0,0,0,0,0,0,0
indra/newview/lltoolselectrect.cpp,render.opengl_touching,207,12,0,0,0,0,5,0,0,0,0,0,0,0,0
indra/newview/lldynamictexture.cpp,render.pipeline,350,15,0,0,0,0,4,8,0,4,0,8,0,3,0
indra/llui/llbutton.cpp,render.opengl_touching,1434,23,0,0,0,0,4,0,5,0,0,0,0,0,0
indra/llui/llscrollbar.cpp,render.opengl_touching,667,14,0,0,0,0,4,0,4,0,0,0,0,0,0
indra/newview/marefsr2upscaler.cpp,render.opengl_touching,401,14,0,0,0,0,3,76,1,0,0,4,0,0,0
indra/newview/llviewertexture.cpp,render.pipeline,4096,34,0,0,0,0,3,39,27,1,0,0,17,134,0
indra/newview/llfloaterauction.cpp,ui,560,29,0,0,0,0,3,1,0,0,0,0,0,1,0
indra/newview/llfloatersnapshot.cpp,ui,1531,16,0,0,0,0,3,0,1,0,0,0,0,0,0
indra/newview/piemenu.cpp,render.opengl_touching,606,6,0,0,0,0,3,0,0,0,0,0,0,0,0
indra/newview/llcolorswatch.cpp,render.opengl_touching,377,12,0,0,0,0,3,0,0,0,0,0,0,0,0
indra/llui/llstatgraph.cpp,render.opengl_touching,235,9,0,0,0,0,3,0,0,0,0,0,0,0,0
indra/newview/llgltfmaterialpreviewmgr.cpp,render.pipeline,660,16,0,0,0,0,2,50,1,7,0,4,0,4,0
indra/llrender/llrender.h,render.legacy_low_level,576,12,0,0,0,0,2,40,8,0,0,2,4,0,0
indra/newview/llvosky.cpp,render.pipeline,1600,26,0,0,0,0,2,11,6,7,11,0,0,2,0
indra/newview/llviewerjoint.cpp,render.pipeline,174,9,0,0,0,0,2,6,0,2,0,0,0,0,0
indra/newview/llhudtext.cpp,render.opengl_touching,719,22,0,0,0,0,2,6,0,0,0,0,0,0,0
indra/llrender/llcubemaparray.cpp,render.legacy_low_level,247,13,0,0,0,0,2,5,0,0,0,0,2,0,0
indra/newview/llpreviewtexture.cpp,assets.texture,798,30,0,0,0,0,2,4,0,0,0,0,0,1,0
indra/newview/rlveffects.cpp,render.opengl_touching,334,11,0,0,0,0,2,4,1,0,0,0,0,0,0
indra/newview/lldrawpooltree.cpp,render.draw_pool,157,14,0,0,0,0,2,3,2,0,14,0,0,3,0
indra/newview/llhudnametag.cpp,render.opengl_touching,949,21,0,0,0,0,2,2,0,0,0,0,0,0,0
indra/newview/lldrawpoolpbropaque.cpp,render.pipeline,96,6,0,0,0,0,2,0,0,6,8,0,0,0,0
indra/llui/llfolderviewitem.cpp,render.opengl_touching,2632,14,0,0,0,0,2,0,0,0,0,0,0,0,1
indra/llrender/lluiimage.cpp,render.legacy_low_level,174,4,0,0,0,0,2,0,0,0,0,0,0,0,0
indra/newview/llviewertexturelist.cpp,assets.texture,1907,33,0,0,0,0,1,23,3,0,0,0,3,31,0
indra/newview/llvovolume.cpp,render.pipeline,7187,62,0,0,0,0,1,13,19,29,11,0,0,21,0
indra/llappearance/lllocaltextureobject.cpp,assets.texture,213,8,0,0,0,0,1,3,0,0,0,0,0,0,0
indra/llui/llscrolllistctrl.cpp,render.opengl_touching,3857,28,0,0,0,0,1,2,0,0,0,0,0,0,0
indra/newview/llhudobject.cpp,render.opengl_touching,336,14,0,0,0,0,1,2,0,0,0,0,0,0,0
indra/llui/lllocalcliprect.cpp,render.opengl_touching,122,7,0,0,0,0,1,2,0,0,0,0,0,0,0
indra/newview/llvotree.cpp,render.pipeline,1245,26,0,0,0,0,1,1,1,6,5,0,0,1,0
indra/llrender/llrendertarget.h,render.legacy_low_level,196,3,0,0,0,0,1,1,0,0,0,14,3,0,0
indra/newview/llscripteditor.cpp,render.opengl_touching,253,5,0,0,0,0,1,1,0,0,0,0,0,0,0
indra/newview/llworld.cpp,assets.texture,1526,25,0,0,0,0,1,0,0,0,0,0,0,1,0
indra/llrender/llfontbitmapcache.cpp,render.legacy_low_level,189,3,0,0,0,0,1,0,0,0,0,0,4,0,0
indra/llui/lllineeditor.cpp,render.opengl_touching,2846,21,0,0,0,0,1,0,0,0,0,0,0,0,0
indra/newview/llfloateruipreview.cpp,ui,1720,31,0,0,0,0,1,0,0,0,0,0,0,0,0
indra/llui/llaccordionctrltab.cpp,render.opengl_touching,1167,8,0,0,0,0,1,0,1,0,0,0,0,0,0
indra/newview/llfloatercolorpicker.cpp,ui,1090,29,0,0,0,0,1,0,0,0,0,0,0,0,0
indra/llui/llmultislider.cpp,render.opengl_touching,881,11,0,0,0,0,1,0,0,0,0,0,0,0,0
indra/llui/llscrollcontainer.cpp,render.opengl_touching,803,18,0,0,0,0,1,0,0,0,0,0,0,0,0
indra/newview/llfloatersimplesnapshot.cpp,ui,523,12,0,0,0,0,1,0,1,0,0,0,0,0,0
indra/llui/llvirtualtrackball.cpp,render.opengl_touching,521,6,0,0,0,0,1,0,0,0,0,0,0,0,0
indra/llui/llslider.cpp,render.opengl_touching,384,9,0,0,0,0,1,0,0,0,0,0,0,0,0
indra/llui/llxyvector.cpp,render.opengl_touching,338,7,0,0,0,0,1,0,0,0,0,0,0,0,0
indra/llui/llcontainerview.cpp,render.opengl_touching,301,11,0,0,0,0,1,0,0,0,0,0,0,0,0
indra/llui/llscrolllistitem.cpp,render.opengl_touching,205,4,0,0,0,0,1,0,0,0,0,0,0,0,0
indra/newview/llfloaterbigpreview.cpp,ui,111,3,0,0,0,0,1,0,1,0,0,0,0,0,0
indra/newview/app_settings/shaders/class1/deferred/dynamicVelocityV.glsl,render.opengl_touching,39,0,0,0,0,0,1,0,1,0,0,0,0,0,0
indra/llrender/llglcontainment.h,render.legacy_low_level,375,2,0,0,0,0,0,321,0,0,0,0,0,0,0
indra/newview/llviewershadermgr.cpp,render.pipeline,3765,18,0,0,0,0,0,214,2,7,0,0,0,0,0
indra/llprimitive/tests/llgltfmaterial_test.cpp,render.opengl_touching,442,6,0,0,0,0,0,101,0,0,0,0,0,0,0
indra/llrender/llglslshader.h,render.legacy_low_level,397,10,0,0,0,0,0,92,1,0,1,2,0,0,0
indra/newview/llpanelface.cpp,ui,5988,60,0,0,0,0,0,91,35,0,0,0,0,6,0
indra/newview/llmaterialeditor.cpp,assets.texture,3831,38,0,0,0,0,0,72,0,0,0,0,0,1,0
indra/llrender/llgltexture.cpp,render.legacy_low_level,382,3,0,0,0,0,0,65,0,0,0,0,3,0,0
indra/llrender/llglstates.h,render.legacy_low_level,199,3,0,0,0,0,0,59,0,0,0,0,0,0,0
indra/newview/lltooldraganddrop.cpp,assets.texture,3659,41,0,0,0,0,0,53,0,0,0,0,0,5,0
indra/newview/llgltfmateriallist.cpp,render.opengl_touching,761,22,0,0,0,0,0,45,0,0,0,0,0,0,0
indra/newview/gltf/llgltfloader.cpp,assets.texture,1841,13,0,0,0,0,0,36,0,0,0,0,0,2,0
indra/newview/llviewerobject.cpp,render.pipeline,7848,80,0,0,0,0,0,29,2,1,0,0,0,47,0
indra/newview/llfloatergltfasseteditor.cpp,ui,623,8,0,0,0,0,0,27,0,0,0,0,0,0,0
indra/llrender/llimagegl.h,render.legacy_low_level,369,11,0,0,0,0,0,26,0,0,0,0,14,0,0
indra/newview/llvlcomposition.cpp,assets.texture,609,15,0,0,0,0,0,23,0,0,0,0,0,2,0
indra/llrender/llgltexture.h,render.legacy_low_level,205,5,0,0,0,0,0,22,0,0,0,0,5,2,0
indra/newview/llgltffoldermodel.cpp,render.opengl_touching,74,3,0,0,0,0,0,19,0,0,0,0,0,0,0
indra/llprimitive/llgltfmaterial.h,render.opengl_touching,287,10,0,0,0,0,0,17,0,0,0,0,0,0,0
indra/newview/llgltffoldermodel.h,render.opengl_touching,92,2,0,0,0,0,0,17,0,0,0,0,0,0,0
indra/newview/llviewertexturelist.h,assets.texture,302,6,0,0,0,0,0,15,0,0,0,0,0,11,0
indra/newview/llgltffolderitem.cpp,render.opengl_touching,165,3,0,0,0,0,0,15,0,0,0,0,0,0,0
indra/newview/llvocache.cpp,assets.texture,2029,10,0,0,0,0,0,13,0,0,0,0,0,2,0
indra/newview/gltf/asset.cpp,assets.texture,1478,12,0,0,0,0,0,13,0,0,0,0,0,2,0
indra/newview/llfloaterregioninfo.cpp,render.draw_pool,4423,71,0,0,0,0,0,13,0,0,1,0,0,0,0
indra/newview/pipeline.h,render.pipeline,1133,14,0,0,0,0,0,12,2,5,49,53,0,5,0
indra/llrender/llshadermgr.h,render.legacy_low_level,414,5,0,0,0,0,0,12,0,0,0,0,0,0,0
indra/newview/llgltfmateriallist.h,render.opengl_touching,177,6,0,0,0,0,0,12,0,0,0,0,0,0,0
indra/llprimitive/lltextureentry.h,assets.texture,262,6,0,0,0,0,0,11,0,0,0,0,0,0,0
indra/newview/llviewertexture.h,assets.texture,795,13,0,0,0,0,0,10,5,0,0,0,4,26,0
indra/newview/gltf/llgltfloader.h,render.opengl_touching,216,4,0,0,0,0,0,10,0,0,0,0,0,0,0
indra/llrender/llgltypes.h,render.legacy_low_level,41,0,0,0,0,0,0,10,0,0,0,0,0,0,0
indra/newview/llvieweroctree.cpp,render.pipeline,1558,10,0,0,0,0,0,9,6,7,0,0,0,0,0
indra/newview/llreflectionmap.cpp,render.pipeline,384,8,0,0,0,0,0,9,1,1,0,0,0,0,0
indra/llwindow/llwindowsdl.cpp,assets.texture,2760,18,0,0,0,0,0,9,0,0,0,0,1,0,0
indra/newview/llworldmipmap.cpp,assets.texture,272,5,0,0,0,0,0,8,0,0,0,0,0,1,0
indra/newview/lllocalbitmaps.cpp,render.opengl_touching,1319,31,0,0,0,0,0,8,10,0,0,0,0,0,0
indra/newview/llpanelface.h,ui,741,8,0,0,0,0,0,8,4,0,0,0,0,0,0
indra/newview/lltinygltfhelper.cpp,render.opengl_touching,390,5,0,0,0,0,0,8,0,0,0,0,0,0,0
indra/newview/lldrawpoolalpha.h,render.draw_pool,152,3,0,0,0,0,0,8,4,0,4,0,0,0,0
indra/newview/llreflectionmapmanager.h,render.pipeline,281,5,0,0,0,0,0,7,0,2,0,2,0,0,0
indra/llprimitive/lltextureentry.cpp,assets.texture,801,7,0,0,0,0,0,7,0,0,0,0,0,0,0
indra/newview/llgltfmaterialpreviewmgr.h,assets.texture,86,5,0,0,0,0,0,6,0,0,0,2,0,1,0
indra/newview/llfloaterprofiletexture.cpp,ui,291,9,0,0,0,0,0,6,0,0,0,0,0,5,0
indra/newview/llfetchedgltfmaterial.h,assets.texture,89,3,0,0,0,0,0,6,0,0,0,0,0,1,0
indra/newview/llviewercontrol.cpp,render.pipeline,1273,56,0,0,0,0,0,5,0,28,3,0,2,0,0
indra/newview/llappviewer.cpp,render.pipeline,6744,198,0,0,0,0,0,5,3,6,0,4,3,0,3
indra/newview/llsettingsvo.cpp,render.pipeline,1670,30,0,0,0,0,0,5,1,1,4,0,0,0,0
indra/newview/lltexturectrl.cpp,assets.texture,2523,47,0,0,0,0,0,5,0,0,0,0,0,5,0
indra/newview/gltf/primitive.cpp,render.opengl_touching,813,6,0,0,0,0,0,5,10,0,0,0,0,0,0
indra/newview/tests/llworldmap_test.cpp,render.opengl_touching,522,10,0,0,0,0,0,5,0,0,0,0,0,0,0
indra/newview/gltf/animation.cpp,render.opengl_touching,495,5,0,0,0,0,0,5,0,0,0,0,0,0,0
indra/newview/llmaterialeditor.h,render.opengl_touching,326,4,0,0,0,0,0,5,0,0,0,0,0,0,0
indra/newview/llpbrterrainfeatures.cpp,render.opengl_touching,199,6,0,0,0,0,0,5,0,0,0,0,0,0,0
indra/newview/lllocalbitmaps.h,render.opengl_touching,161,4,0,0,0,0,0,5,0,0,0,0,0,0,0
indra/llprimitive/llgltfmaterial_templates.h,render.opengl_touching,143,1,0,0,0,0,0,5,0,0,0,0,0,0,0
indra/newview/llgltffolderitem.h,render.opengl_touching,134,2,0,0,0,0,0,5,0,0,0,0,0,0,0
indra/newview/llvoavatarself.cpp,render.pipeline,3277,40,0,0,0,0,0,4,0,1,1,0,1,10,0
indra/newview/llvoavatarself.h,world.avatar,425,5,0,0,0,0,0,4,0,0,0,0,0,7,0
indra/newview/llvlcomposition.h,render.draw_pool,170,7,0,0,0,0,0,4,0,0,2,0,0,3,0
indra/newview/llenvironment.cpp,render.opengl_touching,3637,27,0,0,0,0,0,4,0,0,0,0,0,0,0
indra/newview/llviewermenufile.cpp,render.opengl_touching,1517,50,0,0,0,0,0,4,0,0,0,0,0,0,0
indra/newview/tests/llworldmipmap_test.cpp,render.opengl_touching,166,5,0,0,0,0,0,4,0,0,0,0,0,0,0
indra/llappearance/lllocaltextureobject.h,assets.texture,85,2,0,0,0,0,0,4,0,0,0,0,0,0,0
indra/newview/lltextureview.h,assets.texture,80,1,0,0,0,0,0,4,0,0,0,0,0,0,0
indra/newview/llheroprobemanager.h,render.pipeline,151,6,0,0,0,0,0,3,0,1,0,2,0,0,0
indra/newview/lldynamictexture.h,assets.texture,120,5,0,0,0,0,0,3,0,0,0,9,0,3,0
indra/llrender/llrender2dutils.h,render.legacy_low_level,183,5,0,0,0,0,0,3,0,0,0,3,0,0,0
indra/newview/lldrawpoolbump.h,render.draw_pool,165,5,0,0,0,0,0,3,0,0,4,1,0,4,0
indra/newview/lldrawpoolwlsky.h,render.draw_pool,77,1,0,0,0,0,0,3,0,0,6,0,0,3,0
indra/newview/llworldmap.cpp,assets.texture,672,10,0,0,0,0,0,3,0,0,0,0,0,2,0
indra/llrender/llpostprocess.h,render.legacy_low_level,273,7,0,0,0,0,0,3,0,0,0,0,6,0,0
indra/newview/lltoolcomp.cpp,render.opengl_touching,909,26,0,0,0,0,0,3,0,0,0,0,0,0,0
indra/newview/llenvironment.h,render.opengl_touching,497,10,0,0,0,0,0,3,0,0,0,0,0,0,0
indra/newview/llvocache.h,render.opengl_touching,336,7,0,0,0,0,0,3,0,0,0,0,0,0,0
indra/newview/llfloatergltfasseteditor.h,ui,110,2,0,0,0,0,0,3,0,0,0,0,0,0,0
indra/llrender/lltexturemanagerbridge.h,render.legacy_low_level,48,2,0,0,0,0,0,3,0,0,0,0,0,0,0
indra/newview/tests/llglslshader_stub.cpp,render.opengl_touching,40,1,0,0,0,0,0,3,0,0,0,0,0,0,0
indra/newview/llviewerobject.h,render.pipeline,1069,16,0,0,0,0,0,2,2,3,0,0,0,16,0
indra/newview/llvowlsky.cpp,render.pipeline,582,9,0,0,0,0,0,2,3,3,9,0,0,0,0
indra/newview/llvoavatar.h,render.pipeline,1307,24,0,0,0,0,0,2,0,2,0,1,0,8,0
indra/newview/lldrawpool.h,render.pipeline,488,4,0,0,0,0,0,2,0,2,12,0,0,7,0
indra/newview/llstartup.cpp,render.pipeline,4530,180,0,0,0,0,0,2,0,2,1,0,0,1,0
indra/llappearance/lltexlayer.h,render.opengl_touching,326,6,0,0,0,0,0,2,0,0,0,13,0,0,0
indra/newview/llviewerparcelmgr.cpp,assets.texture,2808,41,0,0,0,0,0,2,0,0,0,0,0,4,0
indra/newview/llviewerregion.h,assets.texture,723,14,0,0,0,0,0,2,0,0,0,0,0,2,0
indra/newview/lldrawpoolavatar.h,render.draw_pool,152,4,0,0,0,0,0,2,0,0,4,0,0,1,0
indra/newview/llsprite.h,assets.texture,104,6,0,0,0,0,0,2,0,0,0,0,0,1,0
indra/newview/lldrawpoolmaterials.h,render.draw_pool,71,5,0,0,0,0,0,2,0,0,3,0,0,1,0
indra/llrender/llcubemaparray.h,render.legacy_low_level,82,4,0,0,0,0,0,2,0,0,0,0,2,0,0
indra/llrender/lltexture.h,render.legacy_low_level,76,2,0,0,0,0,0,2,0,0,0,0,2,0,0
indra/newview/llviewermedia.cpp,assets.texture,4248,50,0,0,0,0,0,2,0,0,0,0,1,0,0
indra/llrender/llcubemap.h,render.legacy_low_level,97,5,0,0,0,0,0,2,0,0,0,0,1,0,0
indra/llappearance/llwearable.cpp,render.opengl_touching,775,9,0,0,0,0,0,2,0,0,0,0,0,0,0
indra/llrender/llvertexbuffer.h,render.legacy_low_level,345,13,0,0,0,0,0,2,2,0,0,0,0,0,0
indra/newview/llthumbnailctrl.cpp,render.opengl_touching,270,11,0,0,0,0,0,2,0,0,0,0,0,0,0
indra/newview/llfloaterscriptdebug.cpp,ui,221,14,0,0,0,0,0,2,0,0,0,0,0,0,0
indra/llappearance/lltexlayerparams.h,render.opengl_touching,207,3,0,0,0,0,0,2,0,0,0,0,0,0,0
indra/llui/lliconctrl.cpp,render.opengl_touching,174,8,0,0,0,0,0,2,0,0,0,0,0,0,0
indra/llappearance/llavatarjointmesh.h,world.avatar,142,4,0,0,0,0,0,2,0,0,0,0,0,0,0
indra/newview/rlveffects.h,render.opengl_touching,112,2,0,0,0,0,0,2,0,0,0,0,0,0,0
indra/newview/lldrawpoolwaterexclusion.cpp,render.draw_pool,80,7,0,0,0,0,0,2,0,0,8,0,0,0,0
indra/newview/lldrawpoolsky.h,render.draw_pool,69,1,0,0,0,0,0,2,0,0,3,0,0,0,0
indra/llui/lllocalcliprect.h,render.opengl_touching,67,3,0,0,0,0,0,2,0,0,0,0,0,0,0
indra/llrender/llglcommonfunc.cpp,render.legacy_low_level,38,1,0,0,0,0,0,2,0,0,0,0,0,0,0
indra/newview/llvograss.cpp,render.pipeline,898,20,0,0,0,0,0,1,0,7,2,0,0,1,0
indra/newview/llvovolume.h,render.pipeline,513,9,0,0,0,0,0,1,1,1,1,0,0,5,0
indra/newview/llviewerregion.cpp,assets.texture,3871,55,0,0,0,0,0,1,0,0,0,0,0,5,0
indra/newview/llspatialpartition.h,assets.texture,764,15,0,0,0,0,0,1,4,0,0,0,0,5,0
indra/newview/lldrawpoolwater.h,render.draw_pool,86,1,0,0,0,0,0,1,0,0,4,0,0,4,0
indra/newview/lloutfitgallery.cpp,assets.texture,1508,24,0,0,0,0,0,1,0,0,0,0,0,3,0
indra/newview/llselectmgr.h,assets.texture,1078,21,0,0,0,0,0,1,2,0,0,0,0,2,0
indra/newview/llviewerwearable.cpp,assets.texture,624,15,0,0,0,0,0,1,0,0,0,0,0,2,0
indra/newview/llviewerparceloverlay.h,assets.texture,140,4,0,0,0,0,0,1,0,0,0,0,0,2,0
indra/llappearance/llavatarjointmesh.cpp,world.avatar,391,11,0,0,0,0,0,1,0,0,0,0,0,1,0
indra/newview/gltfscenemanager.h,assets.texture,106,3,0,0,0,0,0,1,0,0,0,0,0,1,0
indra/newview/lldrawpoolwaterexclusion.h,render.draw_pool,62,5,0,0,0,0,0,1,0,0,3,0,0,1,0
indra/llui/lltexteditor.cpp,render.opengl_touching,3317,34,0,0,0,0,0,1,0,0,0,0,0,0,0
indra/newview/llfloaterchangeitemthumbnail.cpp,ui,1121,21,0,0,0,0,0,1,0,0,0,0,0,0,0
indra/newview/llfloaterreporter.cpp,ui,1075,54,0,0,0,0,0,1,0,0,0,0,0,0,0
indra/newview/llfeaturemanager.cpp,render.opengl_touching,851,26,0,0,0,0,0,1,0,0,0,0,0,0,0
indra/newview/lllocalgltfmaterials.cpp,render.opengl_touching,504,15,0,0,0,0,0,1,0,0,0,0,0,0,0
indra/newview/gltf/asset.h,render.opengl_touching,467,9,0,0,0,0,0,1,0,0,0,0,0,0,0
indra/llui/llconsole.cpp,render.opengl_touching,427,11,0,0,0,0,0,1,0,0,0,0,0,0,1
indra/newview/llsprite.cpp,render.opengl_touching,303,8,0,0,0,0,0,1,0,0,0,0,0,0,0
indra/newview/llinspecttexture.cpp,assets.texture,255,9,0,0,0,0,0,1,0,0,0,0,0,0,0
indra/newview/llsettingsvo.h,render.opengl_touching,191,7,0,0,0,0,0,1,0,0,0,0,0,0,0
indra/newview/tests/llvocache_test.cpp,render.opengl_touching,148,12,0,0,0,0,0,1,0,0,0,0,0,0,0
indra/newview/llreflectionmap.h,render.opengl_touching,143,3,0,0,0,0,0,1,0,0,0,0,0,0,0
indra/newview/lldrawpoolsimple.h,render.draw_pool,142,1,0,0,0,0,0,1,0,0,14,0,0,0,0
indra/newview/lllocalgltfmaterials.h,render.opengl_touching,120,3,0,0,0,0,0,1,0,0,0,0,0,0,0
indra/newview/gltf/primitive.h,render.opengl_touching,119,3,0,0,0,0,0,1,3,0,0,0,0,0,0
indra/llwindow/llwindowmesaheadless.cpp,render.opengl_touching,80,5,0,0,0,0,0,1,0,0,0,0,0,0,0
indra/newview/tests/llviewershadermgr_stub.cpp,render.opengl_touching,51,1,0,0,0,0,0,1,0,0,0,0,0,0,0
indra/llrender/llglcommonfunc.h,render.legacy_low_level,31,0,0,0,0,0,0,1,0,0,0,0,0,0,0
indra/newview/llviewermenu.cpp,render.pipeline,12224,141,0,0,0,0,0,0,2,125,4,0,0,21,1
indra/newview/llfloaterbeacons.cpp,render.pipeline,153,7,0,0,0,0,0,0,0,36,0,0,0,0,0
indra/newview/llfloater360capture.cpp,render.pipeline,895,23,0,0,0,0,0,0,0,15,0,0,0,0,0
indra/newview/lldrawable.cpp,render.pipeline,1835,25,0,0,0,0,0,0,0,14,0,0,0,9,0
indra/newview/llvopartgroup.cpp,render.pipeline,927,15,0,0,0,0,0,0,8,9,1,0,0,0,0
indra/newview/llperfstats.cpp,render.pipeline,549,10,0,0,0,0,0,0,0,9,0,0,0,0,0
indra/newview/llfloaterperformance.cpp,render.pipeline,840,28,0,0,0,0,0,0,0,7,0,0,0,0,0
indra/newview/llvowater.cpp,render.pipeline,295,14,0,0,0,0,0,0,0,7,7,0,0,0,0
indra/newview/llpipelinelistener.cpp,render.pipeline,217,6,0,0,0,0,0,0,0,5,0,0,0,0,0
indra/newview/llviewerstats.cpp,render.pipeline,1031,38,0,0,0,0,0,0,0,3,0,0,0,1,0
indra/newview/llvosurfacepatch.cpp,render.pipeline,1107,16,0,0,0,0,0,0,0,3,3,0,0,0,0
indra/newview/tests/llpipeline_stub.cpp,render.pipeline,33,0,0,0,0,0,0,0,0,3,0,0,0,0,0
indra/newview/llsurface.cpp,render.pipeline,1175,19,0,0,0,0,0,0,0,2,3,0,0,1,0
indra/newview/llviewerpartsim.cpp,render.pipeline,927,16,0,0,0,0,0,0,0,2,0,0,0,1,0
indra/newview/llpanelvolume.cpp,render.pipeline,1666,48,0,0,0,0,0,0,0,2,0,0,0,0,0
indra/newview/llsurfacepatch.cpp,render.pipeline,1234,15,0,0,0,0,0,0,0,2,0,0,0,0,0
indra/newview/llflexibleobject.cpp,render.pipeline,939,16,0,0,0,0,0,0,0,2,0,0,0,0,0
indra/newview/llvopartgroup.h,render.pipeline,126,6,0,0,0,0,0,0,2,2,0,0,0,0,0
indra/newview/llvowater.h,render.pipeline,94,4,0,0,0,0,0,0,0,2,0,0,0,0,0
indra/newview/llpipelinelistener.h,render.pipeline,42,1,0,0,0,0,0,0,0,2,0,0,0,0,0
indra/newview/llvosky.h,render.pipeline,363,10,0,0,0,0,0,0,0,1,0,0,0,11,0
indra/newview/lldrawable.h,render.pipeline,383,15,0,0,0,0,0,0,0,1,2,0,0,10,0
indra/newview/llviewerpartsource.cpp,render.pipeline,947,13,0,0,0,0,0,0,6,1,0,0,0,2,0
indra/newview/app_settings/shaders/class1/gltf/pbrmetallicroughnessF.glsl,render.pipeline,331,0,0,0,0,0,0,0,1,1,0,0,0,1,0
indra/newview/llvograss.h,render.pipeline,127,2,0,0,0,0,0,0,0,1,0,0,0,1,0
indra/newview/llviewerobjectlist.cpp,render.pipeline,2310,56,0,0,0,0,0,0,0,1,0,0,0,0,0
indra/newview/llmutelist.cpp,render.pipeline,1085,17,0,0,0,0,0,0,0,1,0,0,0,0,0
indra/newview/lllegacyatmospherics.cpp,render.pipeline,798,20,0,0,0,0,0,0,0,1,1,0,0,0,0
indra/llaudio/llaudioengine.h,render.pipeline,547,12,0,0,0,0,0,0,0,1,0,0,0,0,0
indra/newview/app_settings/shaders/class3/deferred/materialF.glsl,render.pipeline,446,0,0,0,0,0,0,0,0,1,0,0,0,0,0
indra/newview/llsky.cpp,render.pipeline,334,17,0,0,0,0,0,0,0,1,0,0,0,0,0
indra/newview/app_settings/shaders/class2/deferred/alphaF.glsl,render.pipeline,315,0,0,0,0,0,0,0,0,1,0,0,0,0,0
indra/newview/app_settings/shaders/class2/deferred/pbralphaF.glsl,render.pipeline,278,0,0,0,0,0,0,0,1,1,0,0,0,0,0
indra/newview/macview_Prefix.h,render.pipeline,230,159,0,0,0,0,0,0,0,1,0,0,0,0,0
indra/newview/llvotree.h,render.pipeline,197,2,0,0,0,0,0,0,0,1,2,0,0,0,0
indra/newview/llvosurfacepatch.h,render.pipeline,134,2,0,0,0,0,0,0,0,1,1,0,0,0,0
indra/newview/llvowlsky.h,render.pipeline,91,1,0,0,0,0,0,0,0,1,0,0,0,0,0
indra/newview/llfloaterbeacons.h,render.pipeline,50,1,0,0,0,0,0,0,0,1,0,0,0,0,0
indra/newview/marenisupscaler.h,viewer.misc,77,3,0,0,0,0,0,0,0,0,0,9,0,0,0
indra/newview/llvisualeffect.h,viewer.misc,186,1,0,0,0,0,0,0,0,0,0,6,0,0,0
indra/newview/mareupscaler.h,viewer.misc,68,2,0,0,0,0,0,0,0,0,0,5,0,0,0
indra/newview/maretaaupscaler.h,viewer.misc,55,2,0,0,0,0,0,0,0,0,0,5,0,0,0
indra/newview/llface.h,assets.texture,392,12,0,0,0,0,0,0,7,0,0,0,0,13,0
indra/newview/lldrawpoolterrain.h,render.draw_pool,91,1,0,0,0,0,0,0,0,0,4,0,0,7,0
indra/newview/llsnapshotlivepreview.h,assets.texture,187,3,0,0,0,0,0,0,0,0,0,0,0,6,0
indra/newview/llfloaterinspect.cpp,ui,831,27,0,0,0,0,0,0,0,0,0,0,0,5,0
indra/newview/llviewerparcelmgr.h,assets.texture,403,7,0,0,0,0,0,0,0,0,0,0,0,5,0
indra/newview/llmeshrepository.cpp,assets.texture,6258,57,0,0,0,0,0,0,0,0,0,0,0,4,0
indra/newview/lltexturectrl.h,assets.texture,479,14,0,0,0,0,0,0,0,0,0,0,0,4,0
indra/newview/llviewerpartsource.h,assets.texture,212,5,0,0,0,0,0,0,0,0,0,0,0,4,0
indra/newview/llnetmap.h,assets.texture,208,7,0,0,0,0,0,0,0,0,0,0,0,4,0
indra/newview/lldrawpooltree.h,render.draw_pool,67,1,0,0,0,0,0,0,0,0,3,0,0,4,0
indra/newview/lltexturefetch.cpp,assets.texture,3737,34,0,0,0,0,0,0,0,0,0,0,0,3,0
indra/newview/llviewerpartsim.h,assets.texture,216,4,0,0,0,0,0,0,0,0,0,0,0,3,0
indra/newview/llhudicon.h,assets.texture,89,10,0,0,0,0,0,0,0,0,0,0,0,3,0
indra/newview/llviewermessage.cpp,assets.texture,8081,104,0,0,0,0,0,0,0,0,0,0,0,2,0
indra/newview/fsfloaterexport.cpp,assets.texture,1258,37,0,0,0,0,0,0,0,0,0,0,0,2,0
indra/newview/llmeshrepository.h,assets.texture,996,17,0,0,0,0,0,0,0,0,0,0,0,2,0
indra/newview/llsurface.h,assets.texture,248,6,0,0,0,0,0,0,0,0,0,0,0,2,0
indra/newview/llworld.h,assets.texture,243,8,0,0,0,0,0,0,0,0,0,0,0,2,0
indra/newview/llstartup.h,assets.texture,148,2,0,0,0,0,0,0,0,0,0,0,0,2,0
indra/newview/llprogressview.h,assets.texture,137,4,0,0,0,0,0,0,0,0,0,0,0,2,0
indra/newview/llagentbenefits.h,assets.texture,99,3,0,0,0,0,0,0,0,0,0,0,0,2,0
indra/newview/llterrainpaintmap.h,assets.texture,43,0,0,0,0,0,0,0,0,0,0,0,0,2,0
indra/newview/daeexport.cpp,assets.texture,1060,43,0,0,0,0,0,0,0,0,0,0,0,1,0
indra/newview/lltexturefetch.h,assets.texture,447,14,0,0,0,0,0,0,0,0,0,0,0,1,0
indra/newview/llagentbenefits.cpp,assets.texture,314,3,0,0,0,0,0,0,0,0,0,0,0,1,0
indra/newview/lloutfitgallery.h,assets.texture,304,7,0,0,0,0,0,0,0,0,0,0,0,1,0
indra/newview/llfloatercolorpicker.h,ui,203,5,0,0,0,0,0,0,0,0,0,0,0,1,0
indra/newview/app_settings/shaders/class1/deferred/pbropaqueF.glsl,assets.texture,168,0,0,0,0,0,0,0,0,0,0,0,0,1,0
indra/newview/llfloaterreporter.h,ui,154,4,0,0,0,0,0,0,0,0,0,0,0,1,0
indra/newview/llfloaterimagepreview.h,ui,149,4,0,0,0,0,0,0,0,0,0,0,0,1,0
indra/newview/llfloaterinspect.h,ui,110,3,0,0,0,0,0,0,0,0,0,0,0,1,0
indra/newview/llfloaterauction.h,ui,87,4,0,0,0,0,0,0,0,0,0,0,0,1,0
indra/newview/tests/llviewertexture_stub.cpp,assets.texture,35,3,0,0,0,0,0,0,0,0,0,0,0,1,0
indra/llrender/llfontbitmapcache.h,render.legacy_low_level,84,2,0,0,0,0,0,0,0,0,0,0,2,0,0
indra/llrender/llfontfreetype.cpp,render.legacy_low_level,904,14,0,0,0,0,0,0,0,0,0,0,1,0,0
indra/integration_tests/llui_libtest/llui_libtest.cpp,assets.texture,219,14,0,0,0,0,0,0,0,0,0,0,1,0,0
indra/llrender/lltexture.cpp,render.legacy_low_level,44,2,0,0,0,0,0,0,0,0,0,0,1,0,0
indra/newview/SMAAAreaTex.h,viewer.misc,15006,0,0,0,0,0,0,0,0,0,0,0,0,0,0
indra/newview/llinventorybridge.cpp,viewer.misc,9422,59,0,0,0,0,0,0,0,0,0,0,0,0,0
indra/newview/llvoicevivox.cpp,viewer.misc,7994,37,0,0,0,0,0,0,0,0,0,0,0,0,0
indra/newview/winevoicevivox.cpp,viewer.misc,7763,36,0,0,0,0,0,0,0,0,0,0,0,0,0
indra/llmath/llvolume.cpp,unknown,7353,26,0,0,0,0,0,0,0,0,0,0,0,0,0
indra/newview/llinventorymodel.cpp,viewer.misc,5755,49,0,0,0,0,0,0,0,0,0,0,0,0,0
indra/newview/llappearancemgr.cpp,viewer.misc,5250,40,0,0,0,0,0,0,0,0,0,0,0,0,0
indra/newview/llfloaterpreference.cpp,ui,5132,96,0,0,0,0,0,0,0,0,0,0,0,0,0
indra/newview/llimview.cpp,viewer.misc,4515,51,0,0,0,0,0,0,0,0,0,0,0,0,0
indra/newview/llinventorygallery.cpp,viewer.misc,4204,27,0,0,0,0,0,0,0,0,0,0,0,0,0
indra/newview/llinventoryfunctions.cpp,viewer.misc,4170,65,0,0,0,0,0,0,0,0,0,0,0,0,0
indra/llmessage/message.cpp,network,4062,45,0,0,0,0,0,0,0,0,0,0,0,0,0
indra/newview/llfloaterland.cpp,ui,3486,56,0,0,0,0,0,0,0,0,0,0,0,0,0
indra/llxml/llxmlnode.cpp,unknown,3471,16,0,0,0,0,0,0,0,0,0,0,0,0,0
indra/newview/llvoicewebrtc.cpp,viewer.misc,3408,39,0,0,0,0,0,0,0,0,0,0,0,0,0
indra/newview/llpanelgrouproles.cpp,ui,3278,28,0,0,0,0,0,0,0,0,0,0,0,0,0
indra/newview/llinventorypanel.cpp,viewer.misc,3130,28,0,0,0,0,0,0,0,0,0,0,0,0,0
indra/newview/llagentcamera.cpp,viewer.misc,3112,25,0,0,0,0,0,0,0,0,0,0,0,0,2
indra/llcorehttp/tests/test_httprequest.hpp,unknown,3063,12,0,0,0,0,0,0,0,0,0,0,0,0,0
indra/newview/llpanelmaininventory.cpp,ui,2945,37,0,0,0,0,0,0,0,0,0,0,0,0,0
indra/llcommon/llinitparam.h,core,2860,11,0,0,0,0,0,0,0,0,0,0,0,0,0
indra/newview/llpreviewscript.cpp,viewer.misc,2802,66,0,0,0,0,0,0,0,0,0,0,0,0,0
indra/llwindow/llwindowmacosx.cpp,unknown,2773,20,0,0,0,0,0,0,0,0,0,0,0,0,0
indra/llimage/llimage.cpp,unknown,2723,14,0,0,0,0,0,0,0,0,0,0,0,0,0
indra/newview/lltoolpie.cpp,viewer.misc,2713,49,0,0,0,0,0,0,0,0,0,0,0,0,0
indra/llcharacter/llkeyframemotion.cpp,unknown,2599,14,0,0,0,0,0,0,0,0,0,0,0,0,0
indra/llprimitive/lldaeloader.cpp,unknown,2597,29,0,0,0,0,0,0,0,0,0,0,0,0,0
indra/newview/llfloaterimcontainer.cpp,ui,2593,30,0,0,0,0,0,0,0,0,0,0,0,0,0
indra/newview/app_settings/shaders/class1/deferred/CASF.glsl,viewer.misc,2576,0,0,0,0,0,0,0,0,0,0,0,0,0,0
indra/newview/llgroupmgr.cpp,viewer.misc,2569,23,0,0,0,0,0,0,0,0,0,0,0,0,0
indra/newview/llpanelpeople.cpp,ui,2528,53,0,0,0,0,0,0,0,0,0,0,0,0,0
indra/newview/llpanelprofile.cpp,ui,2523,48,0,0,0,0,0,0,0,0,0,0,0,0,0
indra/newview/aoengine.cpp,viewer.misc,2494,15,0,0,0,0,0,0,0,0,0,0,0,0,0
indra/llcommon/llsdserialize.cpp,core,2471,16,0,0,0,0,0,0,0,0,0,0,0,0,0
indra/llprimitive/llprimitive.cpp,unknown,2431,15,0,0,0,0,0,0,0,0,0,0,0,0,0
indra/newview/llviewerinventory.cpp,viewer.misc,2421,44,0,0,0,0,0,0,0,0,0,0,0,0,0
indra/newview/llpanelobject.cpp,ui,2374,42,0,0,0,0,0,0,0,0,0,0,0,0,0
indra/llprimitive/llmodel.cpp,unknown,2368,9,0,0,0,0,0,0,0,0,0,0,0,0,0
indra/newview/llfavoritesbar.cpp,viewer.misc,2330,28,0,0,0,0,0,0,0,0,0,0,0,0,0
indra/newview/lltexturecache.cpp,assets.texture,2322,10,0,0,0,0,0,0,0,0,0,0,0,0,0
indra/newview/fsareasearch.cpp,viewer.misc,2262,36,0,0,0,0,0,0,0,0,0,0,0,0,0
indra/newview/llimprocessing.cpp,viewer.misc,2257,37,0,0,0,0,0,0,0,0,0,0,0,0,0
indra/llinventory/llsettingssky.cpp,render.draw_pool,2254,7,0,0,0,0,0,0,0,0,1,0,0,0,0
indra/newview/llpanelobjectinventory.cpp,ui,2208,35,0,0,0,0,0,0,0,0,0,0,0,0,0
indra/llcommon/tests/llsdserialize_test.cpp,core,2204,24,0,0,0,0,0,0,0,0,0,0,0,0,0
indra/llmessage/lldatapacker.cpp,network,2181,10,0,0,0,0,0,0,0,0,0,0,0,0,0
indra/llui/llfolderview.cpp,unknown,2177,20,0,0,0,0,0,0,0,0,0,0,0,0,0
indra/llappearance/llavatarappearance.cpp,world.avatar,2160,16,0,0,0,0,0,0,0,0,0,0,0,0,0
indra/newview/app_settings/shaders/class1/deferred/fxaaF.glsl,viewer.misc,2138,1,0,0,0,0,0,0,0,0,0,0,0,0,0
indra/newview/fsfloaterimport.cpp,viewer.misc,2105,41,0,0,0,0,0,0,0,0,0,0,0,0,0
indra/newview/llfloaterworldmap.cpp,ui,2089,38,0,0,0,0,0,0,0,0,0,0,0,0,0
indra/newview/llavataractions.cpp,world.avatar,2065,55,0,0,0,0,0,0,0,0,0,0,0,0,0
indra/llcommon/llstring.h,core,2056,16,0,0,0,0,0,0,0,0,0,0,0,0,0
indra/newview/llchathistory.cpp,viewer.misc,2048,50,0,0,0,0,0,0,0,0,0,0,0,0,0
indra/newview/llinventoryfilter.cpp,viewer.misc,2045,20,0,0,0,0,0,0,0,0,0,0,0,0,0
indra/llui/llnotifications.cpp,unknown,2042,18,0,0,0,0,0,0,0,0,0,0,0,0,0
indra/newview/llsechandler_basic.cpp,viewer.misc,1982,24,0,0,0,0,0,0,0,0,0,0,0,0,0
indra/newview/llviewerinput.cpp,viewer.misc,1956,22,0,0,0,0,0,0,0,0,0,0,0,0,0
indra/llaudio/llaudioengine.cpp,unknown,1936,10,0,0,0,0,0,0,0,0,0,0,0,0,0
indra/newview/llmarketplacefunctions.cpp,viewer.misc,1903,20,0,0,0,0,0,0,0,0,0,0,0,0,0
indra/newview/llfloatereditextdaycycle.cpp,ui,1860,32,0,0,0,0,0,0,0,0,0,0,0,0,0
indra/newview/llagentwearables.cpp,viewer.misc,1839,27,0,0,0,0,0,0,0,0,0,0,0,0,0
indra/llcommon/llstring.cpp,core,1838,7,0,0,0,0,0,0,0,0,0,0,0,0,0
indra/newview/llpreviewgesture.cpp,viewer.misc,1815,27,0,0,0,0,0,0,0,0,0,0,0,0,0
indra/newview/llpaneleditwearable.cpp,ui,1798,36,0,0,0,0,0,0,0,0,0,0,0,0,0
indra/llui/llurlentry.cpp,unknown,1787,16,0,0,0,0,0,0,0,0,0,0,0,0,0
indra/newview/llaisapi.cpp,viewer.misc,1779,13,0,0,0,0,0,0,0,0,0,0,0,0,0
indra/llui/llxuiparser.cpp,unknown,1766,12,0,0,0,0,0,0,0,0,0,0,0,0,0
indra/newview/lloutfitslist.cpp,viewer.misc,1758,28,0,0,0,0,0,0,0,0,0,0,0,0,0
indra/llplugin/llpluginclassmedia.cpp,unknown,1712,5,0,0,0,0,0,0,0,0,0,0,0,0,0
indra/newview/llviewerjoystick.cpp,viewer.misc,1686,15,0,0,0,0,0,0,0,0,0,0,0,0,0
indra/llcommon/tests/lleventdispatcher_test.cpp,core,1673,20,0,0,0,0,0,0,0,0,0,0,0,0,0
indra/llinventory/llinventory.cpp,unknown,1656,11,0,0,0,0,0,0,0,0,0,0,0,0,0
indra/llcommon/llerror.cpp,core,1654,24,0,0,0,0,0,0,0,0,0,0,0,0,0
indra/newview/llpanelgrouplandmoney.cpp,ui,1653,25,0,0,0,0,0,0,0,0,0,0,0,0,0
indra/newview/llinventorymodelbackgroundfetch.cpp,viewer.misc,1645,20,0,0,0,0,0,0,0,0,0,0,0,0,0
indra/llxml/llcontrol.cpp,unknown,1628,19,0,0,0,0,0,0,0,0,0,0,0,0,0
indra/newview/llgesturemgr.cpp,viewer.misc,1597,24,0,0,0,0,0,0,0,0,0,0,0,0,0
indra/llwebrtc/llwebrtc.cpp,unknown,1588,14,0,0,0,0,0,0,0,0,0,0,0,0,0
indra/llui/lltoolbar.cpp,unknown,1581,7,0,0,0,0,0,0,0,0,0,0,0,0,0
indra/newview/llpanelprofileclassifieds.cpp,ui,1557,33,0,0,0,0,0,0,0,0,0,0,0,0,0
indra/llmessage/llassetstorage.cpp,network,1545,17,0,0,0,0,0,0,0,0,0,0,0,0,0
indra/newview/llpanellandmarks.cpp,ui,1525,34,0,0,0,0,0,0,0,0,0,0,0,0,0
indra/llkdu/llimagej2ckdu.cpp,unknown,1525,12,0,0,0,0,0,0,0,0,0,0,0,0,0
indra/newview/llfloaterimsessiontab.cpp,ui,1523,24,0,0,0,0,0,0,0,0,0,0,0,0,0
indra/llcharacter/llbvhloader.cpp,unknown,1501,11,0,0,0,0,0,0,0,0,0,0,0,0,0
indra/newview/llpaneloutfitedit.cpp,ui,1488,45,0,0,0,0,0,0,0,0,0,0,0,0,0
indra/newview/llviewertexteditor.cpp,viewer.misc,1482,38,0,0,0,0,0,0,0,0,0,0,0,0,0
indra/newview/llfloatertools.cpp,ui,1480,66,0,0,0,0,0,0,0,0,0,0,0,0,1
indra/newview/app_settings/shaders/class1/deferred/SMAA.glsl,viewer.misc,1476,0,0,0,0,0,0,0,0,0,0,0,0,0,0
indra/newview/llpanelprimmediacontrols.cpp,ui,1471,38,0,0,0,0,0,0,0,0,0,0,0,0,0
indra/newview/llfloaterimsession.cpp,ui,1467,37,0,0,0,0,0,0,0,0,0,0,0,0,0
indra/llui/llflatlistview.cpp,unknown,1442,4,0,0,0,0,0,0,0,0,0,0,0,0,0
indra/newview/tests/llsechandler_basic_test.cpp,viewer.misc,1439,25,0,0,0,0,0,0,0,0,0,0,0,0,0
indra/newview/llstatusbar.cpp,viewer.misc,1435,68,0,0,0,0,0,0,0,0,0,0,0,0,0
indra/llcommon/tests/llprocess_test.cpp,core,1435,18,0,0,0,0,0,0,0,0,0,0,0,0,0
indra/newview/llpanelpermissions.cpp,ui,1433,37,0,0,0,0,0,0,0,0,0,0,0,0,0
indra/llcommon/llsys.cpp,core,1426,40,0,0,0,0,0,0,0,0,0,0,0,0,0
indra/llmessage/llcircuit.cpp,network,1420,16,0,0,0,0,0,0,0,0,0,0,0,0,0
indra/llmessage/message_prehash.h,network,1409,0,0,0,0,0,0,0,0,0,0,0,0,0,0
indra/llmessage/message_prehash.cpp,network,1406,2,0,0,0,0,0,0,0,0,0,0,0,0,0
indra/llmessage/llcorehttputil.cpp,network,1404,12,0,0,0,0,0,0,0,0,0,0,0,0,0
indra/llmessage/lltransfermanager.cpp,network,1402,9,0,0,0,0,0,0,0,0,0,0,0,0,0
indra/newview/llfloatergodtools.cpp,ui,1397,44,0,0,0,0,0,0,0,0,0,0,0,0,0
indra/llcommon/StackWalker.cpp,core,1392,6,0,0,0,0,0,0,0,0,0,0,0,0,0
indra/newview/llpanellogin.cpp,ui,1390,40,0,0,0,0,0,0,0,0,0,0,0,0,0
indra/llcorehttp/_httpoprequest.cpp,unknown,1375,19,0,0,0,0,0,0,0,0,0,0,0,0,0
indra/newview/llpanelplaces.cpp,ui,1366,44,0,0,0,0,0,0,0,0,0,0,0,0,0
indra/newview/llpanelnearbymedia.cpp,ui,1366,35,0,0,0,0,0,0,0,0,0,0,0,0,0
indra/newview/llsidepaneltaskinfo.cpp,viewer.misc,1365,36,0,0,0,0,0,0,0,0,0,0,0,0,0
indra/newview/llfloaterbuyland.cpp,ui,1364,35,0,0,0,0,0,0,0,0,0,0,0,0,0
indra/newview/lllocationinputctrl.cpp,viewer.misc,1360,35,0,0,0,0,0,0,0,0,0,0,0,0,0
indra/llcommon/llprocess.cpp,core,1351,25,0,0,0,0,0,0,0,0,0,0,0,0,0
indra/llui/llcombobox.cpp,unknown,1346,17,0,0,0,0,0,0,0,0,0,0,0,0,0
indra/llmessage/llxfermanager.cpp,network,1327,9,0,0,0,0,0,0,0,0,0,0,0,0,0
indra/newview/llfloateremojipicker.cpp,ui,1324,17,0,0,0,0,0,0,0,0,0,0,0,0,0
indra/llplugin/llpluginprocessparent.cpp,unknown,1319,11,0,0,0,0,0,0,0,0,0,0,0,0,0
indra/newview/lltranslate.cpp,viewer.misc,1304,13,0,0,0,0,0,0,0,0,0,0,0,0,0
indra/llmessage/partsyspacket.cpp,network,1298,3,0,0,0,0,0,0,0,0,0,0,0,0,0
indra/newview/lllogchat.cpp,viewer.misc,1294,21,0,0,0,0,0,0,0,0,0,0,0,0,0
indra/newview/kokuarlvfloaters.cpp,viewer.misc,1291,26,0,0,0,0,0,0,0,0,0,0,0,0,0
indra/newview/lltoolgrab.cpp,viewer.misc,1277,29,0,0,0,0,0,0,0,0,0,0,0,0,0
indra/llinventory/llparcel.cpp,unknown,1276,15,0,0,0,0,0,0,0,0,0,0,0,0,0
indra/newview/llfloaterpathfindingconsole.cpp,ui,1269,23,0,0,0,0,0,0,0,0,0,0,0,0,0
indra/llmath/raytrace.cpp,unknown,1269,6,0,0,0,0,0,0,0,0,0,0,0,0,0
indra/media_plugins/cef/media_plugin_cef.cpp,unknown,1253,14,0,0,0,0,0,0,0,0,0,0,0,0,0
indra/newview/llchiclet.cpp,viewer.misc,1231,12,0,0,0,0,0,0,0,0,0,0,0,0,0
indra/llimage/llimagetga.cpp,unknown,1229,6,0,0,0,0,0,0,0,0,0,0,0,0,0
indra/newview/llpanelenvironment.cpp,ui,1224,22,0,0,0,0,0,0,0,0,0,0,0,0,0
indra/newview/llfloaterimnearbychat.cpp,ui,1218,45,0,0,0,0,0,0,0,0,0,0,0,0,0
indra/newview/llcompilequeue.cpp,viewer.misc,1216,25,0,0,0,0,0,0,0,0,0,0,0,0,0
indra/llcommon/tests/lltreeiterators_test.cpp,core,1214,10,0,0,0,0,0,0,0,0,0,0,0,0,0
indra/newview/llsidepaneliteminfo.cpp,viewer.misc,1211,29,0,0,0,0,0,0,0,0,0,0,0,0,0
indra/newview/llpanelteleporthistory.cpp,ui,1209,20,0,0,0,0,0,0,0,0,0,0,0,0,0
indra/newview/llappviewerwin32.cpp,viewer.misc,1204,35,0,0,0,0,0,0,0,0,0,0,0,0,0
indra/llui/lluictrl.cpp,unknown,1196,9,0,0,0,0,0,0,0,0,0,0,0,0,0
indra/newview/llwearableitemslist.cpp,viewer.misc,1187,13,0,0,0,0,0,0,0,0,0,0,0,0,0
indra/test/io.cpp,unknown,1182,16,0,0,0,0,0,0,0,0,0,0,0,0,0
indra/llcommon/llsd.cpp,core,1177,9,0,0,0,0,0,0,0,0,0,0,0,0,0
indra/llmath/llvolume.h,unknown,1176,17,0,0,0,0,0,0,0,0,0,0,0,0,0
indra/llmessage/message.h,network,1173,22,0,0,0,0,0,0,0,0,0,0,0,0,0
indra/newview/llvoiceclient.cpp,viewer.misc,1173,15,0,0,0,0,0,0,0,0,0,0,0,0,0
indra/newview/chatbar_as_cmdline.cpp,viewer.misc,1168,23,0,0,0,0,0,0,0,0,0,0,0,0,0
indra/llmessage/llpumpio.cpp,network,1151,10,0,0,0,0,0,0,0,0,0,0,0,0,0
indra/llcharacter/llmotioncontroller.cpp,unknown,1149,8,0,0,0,0,0,0,0,0,0,0,0,0,0
indra/newview/llscreenchannel.cpp,viewer.misc,1148,16,0,0,0,0,0,0,0,0,0,0,0,0,1
indra/newview/llpaneldirbrowser.cpp,ui,1146,26,0,0,0,0,0,0,0,0,0,0,0,0,0
indra/llui/lllayoutstack.cpp,unknown,1146,7,0,0,0,0,0,0,0,0,0,0,0,0,0
indra/newview/lggcontactsets.cpp,viewer.misc,1145,17,0,0,0,0,0,0,0,0,0,0,0,0,0
indra/llfilesystem/lldir.cpp,unknown,1140,19,0,0,0,0,0,0,0,0,0,0,0,0,0
indra/llui/llnotifications.h,unknown,1137,21,0,0,0,0,0,0,0,0,0,0,0,0,0
indra/newview/llmediadataclient.cpp,viewer.misc,1123,11,0,0,0,0,0,0,0,0,0,0,0,0,0
indra/llinventory/llpermissions.cpp,unknown,1102,4,0,0,0,0,0,0,0,0,0,0,0,0,0
indra/newview/llvoicevivox.h,viewer.misc,1098,14,0,0,0,0,0,0,0,0,0,0,0,0,0
indra/newview/llinventorygallerymenu.cpp,viewer.misc,1091,24,0,0,0,0,0,0,0,0,0,0,0,0,0
indra/newview/gltf/buffer_util.h,viewer.misc,1091,1,0,0,0,0,0,0,0,0,0,0,0,0,0
indra/newview/winevoicevivox.h,viewer.misc,1085,14,0,0,0,0,0,0,0,0,0,0,0,0,0
indra/newview/llspeakers.cpp,viewer.misc,1085,14,0,0,0,0,0,0,0,0,0,0,0,0,0
indra/llcommon/lltracerecording.cpp,core,1084,6,0,0,0,0,0,0,0,0,0,0,0,0,0
indra/llcommon/llsdutil.cpp,core,1082,12,0,0,0,0,0,0,0,0,0,0,0,0,0
indra/newview/llpanelprofilepicks.cpp,ui,1072,25,0,0,0,0,0,0,0,0,0,0,0,0,0
indra/newview/llviewerassetupload.cpp,viewer.misc,1069,28,0,0,0,0,0,0,0,0,0,0,0,0,0
indra/newview/llfloatermarketplacelistings.cpp,ui,1067,19,0,0,0,0,0,0,0,0,0,0,0,0,0
indra/newview/llfloateravatarpicker.cpp,ui,1064,28,0,0,0,0,0,0,0,0,0,0,0,0,0
indra/newview/llcallingcard.cpp,viewer.misc,1064,28,0,0,0,0,0,0,0,0,0,0,0,0,0
indra/llcommon/lluuid.cpp,core,1063,38,0,0,0,0,0,0,0,0,0,0,0,0,0
indra/llmessage/llcachename.cpp,network,1055,10,0,0,0,0,0,0,0,0,0,0,0,0,0
indra/newview/llagent.h,viewer.misc,1051,16,0,0,0,0,0,0,0,0,0,0,0,0,0
indra/llmessage/llexperiencecache.cpp,network,1046,12,0,0,0,0,0,0,0,0,0,0,0,0,0
indra/llappearance/llpolymesh.cpp,unknown,1042,10,0,0,0,0,0,0,0,0,0,0,0,0,0
indra/llcharacter/lljoint.cpp,unknown,1030,4,0,0,0,0,0,0,0,0,0,0,0,0,0
indra/newview/llmaterialmgr.cpp,viewer.misc,1027,13,0,0,0,0,0,0,0,0,0,0,0,0,0
indra/llcorehttp/examples/http_texture_load.cpp,assets.texture,1011,22,0,0,0,0,0,0,0,0,0,0,0,0,0
indra/newview/llpaneleditsky.cpp,ui,1009,10,0,0,0,0,0,0,0,0,0,0,0,0,0
indra/llmessage/lliohttpserver.cpp,network,1003,19,0,0,0,0,0,0,0,0,0,0,0,0,0
indra/llmessage/llavatarnamecache.cpp,world.avatar,993,21,0,0,0,0,0,0,0,0,0,0,0,0,0
indra/llcommon/llprocessor.cpp,core,987,13,0,0,0,0,0,0,0,0,0,0,0,0,0
indra/llmath/llquaternion.cpp,unknown,981,9,0,0,0,0,0,0,0,0,0,0,0,0,0
indra/llui/llmenugl.h,unknown,980,9,0,0,0,0,0,0,0,0,0,0,0,0,0
indra/newview/llkeyconflict.cpp,viewer.misc,979,9,0,0,0,0,0,0,0,0,0,0,0,0,0
indra/newview/llvoicechannel.cpp,viewer.misc,976,12,0,0,0,0,0,0,0,0,0,0,0,0,0
indra/llui/llaccordionctrl.cpp,unknown,975,8,0,0,0,0,0,0,0,0,0,0,0,0,0
indra/newview/tests/llmediadataclient_test.cpp,viewer.misc,974,15,0,0,0,0,0,0,0,0,0,0,0,0,0
indra/test/lltemplatemessagebuilder_tut.cpp,unknown,972,14,0,0,0,0,0,0,0,0,0,0,0,0,0
indra/llcommon/lleventdispatcher.cpp,core,972,9,0,0,0,0,0,0,0,0,0,0,0,0,0
indra/llmessage/llnamevalue.cpp,network,971,5,0,0,0,0,0,0,0,0,0,0,0,0,0
indra/newview/llavatarlistitem.cpp,world.avatar,963,16,0,0,0,0,0,0,0,0,0,0,0,0,0
indra/newview/ao.cpp,viewer.misc,956,15,0,0,0,0,0,0,0,0,0,0,0,0,0
indra/llcommon/llsdserialize_xml.cpp,core,953,8,0,0,0,0,0,0,0,0,0,0,0,0,0
indra/newview/llconversationview.cpp,viewer.misc,947,17,0,0,0,0,0,0,0,0,0,0,0,0,0
indra/newview/llfloaterexperienceprofile.cpp,ui,943,24,0,0,0,0,0,0,0,0,0,0,0,0,0
indra/newview/llfloaterscriptlimits.cpp,ui,942,25,0,0,0,0,0,0,0,0,0,0,0,0,0
indra/llimage/llimagefilter.cpp,unknown,942,9,0,0,0,0,0,0,0,0,0,0,0,0,0
indra/llui/tests/llurlentry_test.cpp,unknown,936,8,0,0,0,0,0,0,0,0,0,0,0,0,0
indra/llcommon/tests/llerror_test.cpp,core,935,7,0,0,0,0,0,0,0,0,0,0,0,0,0
indra/newview/llinventorybridge.h,viewer.misc,932,11,0,0,0,0,0,0,0,0,0,0,0,0,0
indra/newview/llfloatercamera.cpp,ui,927,18,0,0,0,0,0,0,0,0,0,0,0,0,0
indra/llimagej2coj/llimagej2coj.cpp,unknown,922,3,0,0,0,0,0,0,0,0,0,0,0,0,0
indra/newview/llpathfindingmanager.cpp,viewer.misc,917,24,0,0,0,0,0,0,0,0,0,0,0,0,0
indra/newview/app_settings/shaders/class3/deferred/reflectionProbeF.glsl,viewer.misc,915,0,0,0,0,0,0,0,0,0,0,0,0,0,0
indra/llmessage/llbuffer.cpp,network,909,7,0,0,0,0,0,0,0,0,0,0,0,0,0
indra/newview/llchiclet.h,viewer.misc,908,4,0,0,0,0,0,0,0,0,0,0,0,0,0
indra/llinventory/llsettingsdaycycle.cpp,unknown,908,9,0,0,0,0,0,0,0,0,0,0,0,0,0
indra/newview/llpreviewnotecard.cpp,viewer.misc,903,34,0,0,0,0,0,0,0,0,0,0,0,0,0
indra/llmessage/lltemplatemessagebuilder.cpp,network,894,9,0,0,0,0,0,0,0,0,0,0,0,0,0
indra/newview/llfloaterpathfindingobjects.cpp,ui,891,34,0,0,0,0,0,0,0,0,0,0,0,0,0
indra/newview/llinventoryobserver.cpp,viewer.misc,888,30,0,0,0,0,0,0,0,0,0,0,0,0,0
indra/test/llstreamtools_tut.cpp,unknown,884,4,0,0,0,0,0,0,0,0,0,0,0,0,0
indra/llcommon/lleventdispatcher.h,core,882,14,0,0,0,0,0,0,0,0,0,0,0,0,0
indra/newview/llfollowcam.cpp,viewer.misc,879,3,0,0,0,0,0,0,0,0,0,0,0,0,0
indra/llcommon/llsdserialize.h,core,878,4,0,0,0,0,0,0,0,0,0,0,0,0,0
indra/llcommon/llsingleton.h,core,874,11,0,0,0,0,0,0,0,0,0,0,0,0,0
indra/llaudio/llaudioengine_fmodstudio.cpp,unknown,873,13,0,0,0,0,0,0,0,0,0,0,0,0,0
indra/llmath/m4math.cpp,unknown,869,7,0,0,0,0,0,0,0,0,0,0,0,0,0
indra/llcommon/tests/llstring_test.cpp,core,860,4,0,0,0,0,0,0,0,0,0,0,0,0,0
indra/llcommon/llunittype.h,core,859,3,0,0,0,0,0,0,0,0,0,0,0,0,0
indra/llmath/lloctree.h,unknown,859,4,0,0,0,0,0,0,0,0,0,0,0,0,0
indra/llui/llpanel.cpp,ui,854,18,0,0,0,0,0,0,0,0,0,0,0,0,0
indra/newview/llpanelgroupgeneral.cpp,ui,847,27,0,0,0,0,0,0,0,0,0,0,0,0,0
indra/llappearance/llpolymorph.cpp,unknown,845,8,0,0,0,0,0,0,0,0,0,0,0,0,0
indra/llmessage/lltemplatemessagereader.cpp,network,840,12,0,0,0,0,0,0,0,0,0,0,0,0,0
indra/test/llsdmessagebuilder_tut.cpp,unknown,838,16,0,0,0,0,0,0,0,0,0,0,0,0,0
indra/newview/llagentlistener.cpp,viewer.misc,833,24,0,0,0,0,0,0,0,0,0,0,0,0,0
indra/llui/lltextbase.h,unknown,832,12,0,0,0,0,0,0,0,0,0,0,0,0,0
indra/test/llsd_new_tut.cpp,unknown,831,5,0,0,0,0,0,0,0,0,0,0,0,0,0
indra/llinventory/llsettingsbase.cpp,unknown,825,5,0,0,0,0,0,0,0,0,0,0,0,0,0
indra/newview/llfloatergesture.cpp,ui,820,23,0,0,0,0,0,0,0,0,0,0,0,0,0
indra/llui/llkeywords.cpp,unknown,814,7,0,0,0,0,0,0,0,0,0,0,0,0,0
indra/llaudio/llaudiodecodemgr.cpp,unknown,805,17,0,0,0,0,0,0,0,0,0,0,0,0,0
indra/llrender/llfontregistry.cpp,render.legacy_low_level,804,10,0,0,0,0,0,0,0,0,0,0,0,0,0
indra/newview/llfloaterblocked.cpp,ui,804,24,0,0,0,0,0,0,0,0,0,0,0,0,0
indra/newview/llautoreplace.cpp,viewer.misc,803,7,0,0,0,0,0,0,0,0,0,0,0,0,0
indra/llcrashlogger/llcrashlogger.cpp,unknown,803,24,0,0,0,0,0,0,0,0,0,0,0,0,0
indra/newview/llfloaterpathfindinglinksets.cpp,ui,802,23,0,0,0,0,0,0,0,0,0,0,0,0,0
indra/llcommon/lldependencies.h,core,800,11,0,0,0,0,0,0,0,0,0,0,0,0,0
indra/llprimitive/llprimitive.h,unknown,799,8,0,0,0,0,0,0,0,0,0,0,0,0,0
indra/llcommon/llapr.cpp,core,797,5,0,0,0,0,0,0,0,0,0,0,0,0,0
indra/newview/llcofwearables.cpp,viewer.misc,795,18,0,0,0,0,0,0,0,0,0,0,0,0,0
indra/newview/llavatarlist.cpp,world.avatar,795,17,0,0,0,0,0,0,0,0,0,0,0,0,0
indra/newview/llmoveview.cpp,viewer.misc,793,20,0,0,0,0,0,0,0,0,0,0,0,0,0
indra/newview/lltoolbarview.cpp,viewer.misc,791,17,0,0,0,0,0,0,0,0,0,0,0,0,0
indra/newview/llnavigationbar.cpp,viewer.misc,789,35,0,0,0,0,0,0,0,0,0,0,0,0,0
indra/newview/llscriptfloater.cpp,viewer.misc,786,18,0,0,0,0,0,0,0,0,0,0,0,0,0
indra/newview/llchatbar.cpp,viewer.misc,780,35,0,0,0,0,0,0,0,0,0,0,0,0,0
indra/newview/llphysicsmotion.cpp,viewer.misc,777,10,0,0,0,0,0,0,0,0,0,0,0,0,0
indra/llcommon/llevents.h,core,776,17,0,0,0,0,0,0,0,0,0,0,0,0,0
indra/llmessage/patch_dct.cpp,network,769,4,0,0,0,0,0,0,0,0,0,0,0,0,0
indra/newview/llinventorymodel.h,viewer.misc,769,20,0,0,0,0,0,0,0,0,0,0,0,0,0
indra/llcommon/llsdutil.h,core,769,8,0,0,0,0,0,0,0,0,0,0,0,0,0
indra/newview/llvoicewebrtc.h,viewer.misc,767,18,0,0,0,0,0,0,0,0,0,0,0,0,0
indra/newview/llconversationmodel.cpp,viewer.misc,765,10,0,0,0,0,0,0,0,0,0,0,0,0,0
indra/llmessage/llmessagetemplateparser.cpp,network,762,3,0,0,0,0,0,0,0,0,0,0,0,0,0
indra/llcommon/llapp.cpp,core,762,21,0,0,0,0,0,0,0,0,0,0,0,0,0
indra/llcommon/lluri.cpp,core,759,9,0,0,0,0,0,0,0,0,0,0,0,0,0
indra/llcommon/llevents.cpp,core,758,13,0,0,0,0,0,0,0,0,0,0,0,0,0
indra/llprimitive/llmaterialtable.cpp,unknown,756,6,0,0,0,0,0,0,0,0,0,0,0,0,0
indra/newview/llfloaterimnearbychathandler.cpp,ui,750,16,0,0,0,0,0,0,0,0,0,0,0,0,0
indra/llui/llview.h,unknown,749,18,0,0,0,0,0,0,0,0,0,0,0,0,0
indra/newview/llgroupactions.cpp,viewer.misc,748,18,0,0,0,0,0,0,0,0,0,0,0,0,0
indra/llmath/v4color.cpp,unknown,742,7,0,0,0,0,0,0,0,0,0,0,0,0,0
indra/newview/llfloatersettingsdebug.cpp,ui,740,16,0,0,0,0,0,0,0,0,0,0,0,0,0
indra/media_plugins/libvlc/media_plugin_libvlc.cpp,unknown,738,10,0,0,0,0,0,0,0,0,0,0,0,0,0
indra/llui/llscrolllistcell.cpp,unknown,735,6,0,0,0,0,0,0,0,0,0,0,0,0,0
indra/newview/llcommandlineparser.cpp,viewer.misc,734,17,0,0,0,0,0,0,0,0,0,0,0,0,0
indra/newview/llavatarpropertiesprocessor.cpp,world.avatar,731,13,0,0,0,0,0,0,0,0,0,0,0,0,0
indra/llcommon/lltracerecording.h,core,727,6,0,0,0,0,0,0,0,0,0,0,0,0,0
indra/llmath/tests/mathmisc_test.cpp,unknown,724,9,0,0,0,0,0,0,0,0,0,0,0,0,0
indra/llfilesystem/tests/lldir_test.cpp,unknown,721,7,0,0,0,0,0,0,0,0,0,0,0,0,0
indra/newview/llpanelgroupnotices.cpp,ui,716,27,0,0,0,0,0,0,0,0,0,0,0,0,0
indra/llcommon/llstl.h,core,714,9,0,0,0,0,0,0,0,0,0,0,0,0,0
indra/newview/llcontrolavatar.cpp,world.avatar,711,10,0,0,0,0,0,0,0,0,0,0,0,0,0
indra/newview/llfloaterautoreplacesettings.cpp,ui,710,37,0,0,0,0,0,0,0,0,0,0,0,0,0
indra/llcommon/lltreeiterators.h,core,706,6,0,0,0,0,0,0,0,0,0,0,0,0,0
indra/llmessage/lliosocket.cpp,network,703,8,0,0,0,0,0,0,0,0,0,0,0,0,0
indra/llplugin/llpluginprocesschild.cpp,unknown,703,11,0,0,0,0,0,0,0,0,0,0,0,0,0
indra/newview/llpanelplaceprofile.cpp,ui,703,23,0,0,0,0,0,0,0,0,0,0,0,0,0
indra/newview/llinspectobject.cpp,viewer.misc,703,24,0,0,0,0,0,0,0,0,0,0,0,0,0
indra/newview/llpanelgroupinvite.cpp,ui,701,19,0,0,0,0,0,0,0,0,0,0,0,0,0
indra/llxml/llxmltree.cpp,unknown,698,10,0,0,0,0,0,0,0,0,0,0,0,0,0
indra/llwebrtc/llwebrtc_impl.h,unknown,697,15,0,0,0,0,0,0,0,0,0,0,0,0,0
indra/newview/llinventoryfunctions.h,viewer.misc,692,4,0,0,0,0,0,0,0,0,0,0,0,0,0
indra/llimage/llimagejpeg.cpp,unknown,690,5,0,0,0,0,0,0,0,0,0,0,0,0,0
indra/llimage/llimagebmp.cpp,unknown,687,4,0,0,0,0,0,0,0,0,0,0,0,0,0
indra/llprimitive/llmodelloader.cpp,unknown,686,9,0,0,0,0,0,0,0,0,0,0,0,0,0
indra/newview/llvieweraudio.cpp,viewer.misc,686,20,0,0,0,0,0,0,0,0,0,0,0,0,0
indra/llmessage/patch_idct.cpp,network,684,4,0,0,0,0,0,0,0,0,0,0,0,0,0
indra/newview/llfriendcard.cpp,viewer.misc,683,12,0,0,0,0,0,0,0,0,0,0,0,0,0
indra/newview/llconversationlog.cpp,viewer.misc,683,8,0,0,0,0,0,0,0,0,0,0,0,0,0
indra/newview/llviewernetwork.cpp,viewer.misc,682,7,0,0,0,0,0,0,0,0,0,0,0,0,0
indra/llmath/v4color.h,unknown,682,3,0,0,0,0,0,0,0,0,0,0,0,0,0
indra/llmessage/llcorehttputil.h,network,681,16,0,0,0,0,0,0,0,0,0,0,0,0,0
indra/llinventory/llparcel.h,unknown,681,8,0,0,0,0,0,0,0,0,0,0,0,0,0
indra/llmath/llcoordframe.cpp,unknown,680,7,0,0,0,0,0,0,0,0,0,0,0,0,0
indra/newview/llimview.h,viewer.misc,679,8,0,0,0,0,0,0,0,0,0,0,0,0,0
indra/test/test.cpp,unknown,674,14,0,0,0,0,0,0,0,0,0,0,0,0,0
indra/newview/llviewerfloaterreg.cpp,viewer.misc,672,176,0,0,0,0,0,0,0,0,0,0,0,0,0
indra/llcommon/tests/llleap_test.cpp,core,670,12,0,0,0,0,0,0,0,0,0,0,0,0,0
indra/llcommon/tests/commonmisc_test.cpp,core,666,10,0,0,0,0,0,0,0,0,0,0,0,0,0
indra/newview/lllogininstance.cpp,viewer.misc,662,27,0,0,0,0,0,0,0,0,0,0,0,0,0
indra/llcorehttp/httprequest.h,unknown,662,4,0,0,0,0,0,0,0,0,0,0,0,0,0
indra/newview/llviewermediafocus.cpp,viewer.misc,661,21,0,0,0,0,0,0,0,0,0,0,0,0,0
indra/llmath/tests/llquaternion_test.cpp,unknown,661,8,0,0,0,0,0,0,0,0,0,0,0,0,0
indra/llmessage/net.cpp,network,658,13,0,0,0,0,0,0,0,0,0,0,0,0,0
indra/newview/llgrouplist.cpp,viewer.misc,658,14,0,0,0,0,0,0,0,0,0,0,0,0,0
indra/llcorehttp/_httplibcurl.cpp,unknown,658,6,0,0,0,0,0,0,0,0,0,0,0,0,0
indra/newview/llviewerassetstorage.cpp,viewer.misc,657,16,0,0,0,0,0,0,0,0,0,0,0,0,0
indra/llui/lltooltip.cpp,unknown,653,10,0,0,0,0,0,0,0,0,0,0,0,0,0
indra/newview/app_settings/shaders/class1/deferred/deferredUtil.glsl,viewer.misc,649,0,0,0,0,0,0,0,0,0,0,0,0,0,0
indra/newview/llpanelwearing.cpp,ui,648,22,0,0,0,0,0,0,0,0,0,0,0,0,0
indra/integration_tests/llimage_libtest/llimage_libtest.cpp,unknown,648,19,0,0,0,0,0,0,0,0,0,0,0,0,0
indra/newview/llpanelgroup.cpp,ui,647,23,0,0,0,0,0,0,0,0,0,0,0,0,0
indra/llui/llfloater.h,ui,645,5,0,0,0,0,0,0,0,0,0,0,0,0,0
indra/newview/lltoast.cpp,viewer.misc,642,6,0,0,0,0,0,0,0,0,0,0,0,0,0
indra/llcommon/workqueue.h,core,641,9,0,0,0,0,0,0,0,0,0,0,0,0,0
indra/newview/llsidepanelinventory.cpp,viewer.misc,637,34,0,0,0,0,0,0,0,0,0,0,0,0,0
indra/newview/llpresetsmanager.cpp,viewer.misc,636,13,0,0,0,0,0,0,0,0,0,0,0,0,0
indra/newview/llnamelistctrl.cpp,viewer.misc,636,15,0,0,0,0,0,0,0,0,0,0,0,0,0
indra/newview/llfloaterpay.cpp,ui,635,24,0,0,0,0,0,0,0,0,0,0,0,0,0
indra/llcommon/llfile.cpp,core,635,8,0,0,0,0,0,0,0,0,0,0,0,0,0
indra/newview/llnotificationlistitem.cpp,viewer.misc,633,13,0,0,0,0,0,0,0,0,0,0,0,0,0
indra/llui/llscrolllistctrl.h,unknown,633,14,0,0,0,0,0,0,0,0,0,0,0,0,0
indra/newview/llcurrencyuimanager.cpp,viewer.misc,629,18,0,0,0,0,0,0,0,0,0,0,0,0,0
indra/newview/llviewerparcelmedia.cpp,viewer.misc,629,18,0,0,0,0,0,0,0,0,0,0,0,0,0
indra/llui/llfloaterreg.cpp,ui,629,6,0,0,0,0,0,0,0,0,0,0,0,0,0
indra/llcommon/tests/lldeadmantimer_test.cpp,core,629,5,0,0,0,0,0,0,0,0,0,0,0,0,0
indra/llmessage/llbuffer.h,network,626,2,0,0,0,0,0,0,0,0,0,0,0,0,0
indra/llappearance/lldriverparam.cpp,unknown,623,5,0,0,0,0,0,0,0,0,0,0,0,0,0
indra/llmath/llquaternion.h,unknown,623,2,0,0,0,0,0,0,0,0,0,0,0,0,0
indra/newview/llgiveinventory.cpp,viewer.misc,622,19,0,0,0,0,0,0,0,0,0,0,0,0,0
indra/newview/llfloaterenvironmentadjust.cpp,ui,615,12,0,0,0,0,0,0,0,0,0,0,0,0,0
indra/llui/llurlentry.h,unknown,614,9,0,0,0,0,0,0,0,0,0,0,0,0,0
indra/newview/llpreview.cpp,viewer.misc,611,28,0,0,0,0,0,0,0,0,0,0,0,0,0
indra/llmath/v3math.h,unknown,611,6,0,0,0,0,0,0,0,0,0,0,0,0,0
indra/llcommon/lltimer.cpp,core,609,8,0,0,0,0,0,0,0,0,0,0,0,0,0
indra/llcommon/llqueuedthread.cpp,core,608,6,0,0,0,0,0,0,0,0,0,0,0,0,0
indra/newview/llvoiceclient.h,viewer.misc,602,11,0,0,0,0,0,0,0,0,0,0,0,0,0
indra/newview/llviewerwindow.h,ui.window,599,13,0,0,0,0,0,0,0,0,0,0,0,0,5
indra/llprimitive/llmediaentry.cpp,unknown,596,4,0,0,0,0,0,0,0,0,0,0,0,0,0
indra/llaudio/llstreamingaudio_fmodstudio.cpp,unknown,596,5,0,0,0,0,0,0,0,0,0,0,0,0,0
indra/newview/llsidepanelappearance.cpp,viewer.misc,595,25,0,0,0,0,0,0,0,0,0,0,0,0,0
indra/llcommon/llthreadsafequeue.h,core,593,7,0,0,0,0,0,0,0,0,0,0,0,0,0
indra/llimage/llimagej2c.cpp,unknown,592,8,0,0,0,0,0,0,0,0,0,0,0,0,0
indra/newview/llappcorehttp.cpp,viewer.misc,590,12,0,0,0,0,0,0,0,0,0,0,0,0,0
indra/llcommon/lleventfilter.h,core,590,5,0,0,0,0,0,0,0,0,0,0,0,0,0
indra/llmath/m3math.cpp,unknown,590,7,0,0,0,0,0,0,0,0,0,0,0,0,0
indra/llmath/tests/v3math_test.cpp,unknown,586,9,0,0,0,0,0,0,0,0,0,0,0,0,0
indra/newview/llpanelemojicomplete.cpp,ui,584,6,0,0,0,0,0,0,0,0,0,0,0,0,0
indra/newview/lltoolplacer.cpp,viewer.misc,582,34,0,0,0,0,0,0,0,0,0,0,0,0,0
indra/newview/llpanelclassified.cpp,ui,581,14,0,0,0,0,0,0,0,0,0,0,0,0,0
indra/llcorehttp/_httpservice.cpp,unknown,581,12,0,0,0,0,0,0,0,0,0,0,0,0,0
indra/newview/kokuarlvextras.cpp,viewer.misc,579,14,0,0,0,0,0,0,0,0,0,0,0,0,0
indra/newview/tests/llviewerassetstats_test.cpp,viewer.misc,579,10,0,0,0,0,0,0,0,0,0,0,0,0,0
indra/llmessage/llthrottle.cpp,network,578,5,0,0,0,0,0,0,0,0,0,0,0,0,0
indra/newview/lltoastnotifypanel.cpp,viewer.misc,578,14,0,0,0,0,0,0,0,0,0,0,0,0,0
indra/llcommon/llprocess.h,core,578,7,0,0,0,0,0,0,0,0,0,0,0,0,0
indra/newview/llfloaternotificationstabbed.cpp,ui,577,12,0,0,0,0,0,0,0,0,0,0,0,0,0
indra/newview/llfloaterfixedenvironment.cpp,ui,576,22,0,0,0,0,0,0,0,0,0,0,0,0,0
indra/llcharacter/llheadrotmotion.cpp,unknown,576,7,0,0,0,0,0,0,0,0,0,0,0,0,0
indra/newview/llattachmentsmgr.cpp,viewer.misc,574,11,0,0,0,0,0,0,0,0,0,0,0,0,0
indra/newview/llfloatersellland.cpp,ui,573,17,0,0,0,0,0,0,0,0,0,0,0,0,0
indra/test/lldatapacker_tut.cpp,unknown,571,10,0,0,0,0,0,0,0,0,0,0,0,0,0
indra/llcharacter/llpose.cpp,unknown,570,5,0,0,0,0,0,0,0,0,0,0,0,0,0
indra/llcorehttp/httprequest.cpp,unknown,568,11,0,0,0,0,0,0,0,0,0,0,0,0,0
indra/newview/llfloatertopobjects.cpp,ui,566,24,0,0,0,0,0,0,0,0,0,0,0,0,0
indra/llprimitive/llvolumemessage.cpp,unknown,558,4,0,0,0,0,0,0,0,0,0,0,0,0,0
indra/newview/llsecapi.h,viewer.misc,558,6,0,0,0,0,0,0,0,0,0,0,0,0,0
indra/newview/llpanellandmarkinfo.cpp,ui,558,18,0,0,0,0,0,0,0,0,0,0,0,0,0
indra/llmessage/llproxy.cpp,network,557,7,0,0,0,0,0,0,0,0,0,0,0,0,0
indra/llaudio/llaudioengine_openal.cpp,unknown,556,4,0,0,0,0,0,0,0,0,0,0,0,0,0
indra/llcommon/lltraceaccumulators.h,core,554,8,0,0,0,0,0,0,0,0,0,0,0,0,0
indra/newview/lltoastalertpanel.cpp,viewer.misc,553,19,0,0,0,0,0,0,0,0,0,0,0,0,0
indra/newview/llpanelpeoplemenus.cpp,ui,553,18,0,0,0,0,0,0,0,0,0,0,0,0,0
indra/llinventory/tests/inventorymisc_test.cpp,unknown,553,5,0,0,0,0,0,0,0,0,0,0,0,0,0
indra/llui/llflatlistview.h,unknown,550,3,0,0,0,0,0,0,0,0,0,0,0,0,0
indra/llinventory/llsettingsbase.h,unknown,547,14,0,0,0,0,0,0,0,0,0,0,0,0,0
indra/newview/lltoolfocus.cpp,viewer.misc,546,25,0,0,0,0,0,0,0,0,0,0,0,0,0
indra/llcommon/llsd.h,core,546,7,0,0,0,0,0,0,0,0,0,0,0,0,0
indra/llwindow/llkeyboard.cpp,unknown,546,5,0,0,0,0,0,0,0,0,0,0,0,0,0
indra/newview/llfloaterinventorythumbnailshelper.cpp,ui,544,12,0,0,0,0,0,0,0,0,0,0,0,0,0
indra/newview/llconversationloglist.cpp,viewer.misc,544,10,0,0,0,0,0,0,0,0,0,0,0,0,0
indra/llmath/llmath.h,unknown,543,7,0,0,0,0,0,0,0,0,0,0,0,0,0
indra/llcommon/llstreamtools.cpp,core,542,4,0,0,0,0,0,0,0,0,0,0,0,0,0
indra/llplugin/llpluginclassmedia.h,unknown,541,5,0,0,0,0,0,0,0,0,0,0,0,0,0
indra/newview/llpanelmediasettingsgeneral.cpp,ui,541,27,0,0,0,0,0,0,0,0,0,0,0,0,0
indra/newview/lltoolmgr.cpp,viewer.misc,539,28,0,0,0,0,0,0,0,0,0,0,0,0,0
indra/llmath/llcamera.cpp,unknown,539,3,0,0,0,0,0,0,0,0,0,0,0,0,0
indra/llmath/v4math.h,unknown,539,7,0,0,0,0,0,0,0,0,0,0,0,0,0
indra/llmath/v3dmath.h,unknown,535,2,0,0,0,0,0,0,0,0,0,0,0,0,0
indra/llcommon/llthread.cpp,core,532,12,0,0,0,0,0,0,0,0,0,0,0,0,0
indra/llmath/tests/v3dmath_test.cpp,unknown,532,8,0,0,0,0,0,0,0,0,0,0,0,0,0
indra/newview/NACLfloaterexploresounds.cpp,viewer.misc,531,13,0,0,0,0,0,0,0,0,0,0,0,0,0
indra/llimage/llimagedxt.cpp,unknown,531,3,0,0,0,0,0,0,0,0,0,0,0,0,0
indra/llui/llfolderviewitem.h,unknown,530,4,0,0,0,0,0,0,0,0,0,0,0,0,0
indra/newview/llslurl.cpp,viewer.misc,527,8,0,0,0,0,0,0,0,0,0,0,0,0,0
indra/llcommon/llfindlocale.cpp,core,527,8,0,0,0,0,0,0,0,0,0,0,0,0,0
indra/llcommon/llerror.h,core,527,9,0,0,0,0,0,0,0,0,0,0,0,0,0
indra/llmath/tests/llrect_test.cpp,unknown,527,3,0,0,0,0,0,0,0,0,0,0,0,0,0
indra/newview/llviewermedia.h,viewer.misc,526,12,0,0,0,0,0,0,0,0,0,0,0,0,0
indra/llui/llmultisliderctrl.cpp,unknown,526,16,0,0,0,0,0,0,0,0,0,0,0,0,0
indra/llmessage/llcoproceduremanager.cpp,network,525,7,0,0,0,0,0,0,0,0,0,0,0,0,0
indra/newview/llwindowlistener.cpp,viewer.misc,524,18,0,0,0,0,0,0,0,0,0,0,0,0,1
indra/llcommon/llleap.cpp,core,524,16,0,0,0,0,0,0,0,0,0,0,0,0,0
indra/newview/llfloatermyenvironment.cpp,ui,523,15,0,0,0,0,0,0,0,0,0,0,0,0,0
indra/newview/llfloaterregioninfo.h,ui,523,10,0,0,0,0,0,0,0,0,0,0,0,0,0
indra/llui/llmultifloater.cpp,unknown,523,3,0,0,0,0,0,0,0,0,0,0,0,0,0
indra/llui/llspinctrl.cpp,unknown,523,16,0,0,0,0,0,0,0,0,0,0,0,0,0
indra/newview/app_settings/shaders/class1/deferred/pbrterrainUtilF.glsl,viewer.misc,523,0,0,0,0,0,0,0,0,0,0,0,0,0,0
indra/newview/llwearableitemslist.h,viewer.misc,522,7,0,0,0,0,0,0,0,0,0,0,0,0,0
indra/newview/llfloaterpreference.h,ui,522,7,0,0,0,0,0,0,0,0,0,0,0,0,0
indra/llui/llradiogroup.cpp,unknown,522,10,0,0,0,0,0,0,0,0,0,0,0,0,0
indra/newview/llinventorylistitem.cpp,viewer.misc,521,8,0,0,0,0,0,0,0,0,0,0,0,0,0
indra/llui/lltextvalidate.cpp,unknown,520,5,0,0,0,0,0,0,0,0,0,0,0,0,0
indra/llui/llfocusmgr.cpp,unknown,520,4,0,0,0,0,0,0,0,0,0,0,0,0,0
indra/llwindow/llwindow.cpp,unknown,518,9,0,0,0,0,0,0,0,0,0,0,0,0,0
indra/llcommon/llinstancetracker.h,core,516,12,0,0,0,0,0,0,0,0,0,0,0,0,0
indra/llfilesystem/lldir_win32.cpp,unknown,516,12,0,0,0,0,0,0,0,0,0,0,0,0,0
indra/llmessage/llhttpnode.cpp,network,514,6,0,0,0,0,0,0,0,0,0,0,0,0,0
indra/llmath/v3color.h,unknown,514,5,0,0,0,0,0,0,0,0,0,0,0,0,0
indra/newview/llmachineid.cpp,viewer.misc,512,8,0,0,0,0,0,0,0,0,0,0,0,0,0
indra/newview/llinventorypanel.h,viewer.misc,510,11,0,0,0,0,0,0,0,0,0,0,0,0,0
indra/llmessage/llpartdata.cpp,network,509,7,0,0,0,0,0,0,0,0,0,0,0,0,0
indra/newview/llpaneltopinfobar.cpp,ui,509,19,0,0,0,0,0,0,0,0,0,0,0,0,0
indra/llcorehttp/httpcommon.h,unknown,509,4,0,0,0,0,0,0,0,0,0,0,0,0,0
indra/newview/llsettingspicker.cpp,viewer.misc,508,15,0,0,0,0,0,0,0,0,0,0,0,0,0
indra/newview/llfloaterjoystick.cpp,ui,508,15,0,0,0,0,0,0,0,0,0,0,0,0,0
indra/test/llevents_tut.cpp,unknown,507,9,0,0,0,0,0,0,0,0,0,0,0,0,0
indra/newview/llpaneloutfitsinventory.cpp,ui,506,18,0,0,0,0,0,0,0,0,0,0,0,0,0
indra/newview/llavatarrendernotifier.cpp,world.avatar,506,14,0,0,0,0,0,0,0,0,0,0,0,0,0
indra/newview/llappviewerlinux.cpp,viewer.misc,505,13,0,0,0,0,0,0,0,0,0,0,0,0,0
indra/llplugin/llpluginsharedmemory.cpp,unknown,503,8,0,0,0,0,0,0,0,0,0,0,0,0,0
indra/llmath/v4coloru.h,unknown,503,4,0,0,0,0,0,0,0,0,0,0,0,0,0
indra/newview/llxmlrpctransaction.cpp,viewer.misc,502,19,0,0,0,0,0,0,0,0,0,0,0,0,0
indra/llcharacter/llmultigesture.cpp,unknown,502,7,0,0,0,0,0,0,0,0,0,0,0,0,0
indra/llmessage/lltransfermanager.h,network,500,7,0,0,0,0,0,0,0,0,0,0,0,0,0
indra/llcommon/llmd5.cpp,core,498,3,0,0,0,0,0,0,0,0,0,0,0,0,0
indra/llprimitive/tests/llmediaentry_test.cpp,unknown,498,8,0,0,0,0,0,0,0,0,0,0,0,0,0
indra/test/prim_linkability_tut.cpp,unknown,496,4,0,0,0,0,0,0,0,0,0,0,0,0,0
indra/newview/llfloaterwebcontent.cpp,ui,496,14,0,0,0,0,0,0,0,0,0,0,0,0,0
indra/llcharacter/llanimationstates.cpp,unknown,496,3,0,0,0,0,0,0,0,0,0,0,0,0,0
indra/llui/llfolderviewmodel.h,unknown,496,2,0,0,0,0,0,0,0,0,0,0,0,0,0
indra/llxml/llcontrol.h,unknown,495,9,0,0,0,0,0,0,0,0,0,0,0,0,0
indra/llcommon/lleventfilter.cpp,core,494,8,0,0,0,0,0,0,0,0,0,0,0,0,0
indra/llphysicsextensionsos/llconvexdecompositionvhacd.cpp,unknown,493,7,0,0,0,0,0,0,0,0,0,0,0,0,0
indra/test/llpermissions_tut.cpp,unknown,492,5,0,0,0,0,0,0,0,0,0,0,0,0,0
indra/newview/llviewerinventory.h,viewer.misc,492,6,0,0,0,0,0,0,0,0,0,0,0,0,0
indra/newview/llfloaterchat.cpp,ui,491,37,0,0,0,0,0,0,0,0,0,0,0,0,0
indra/newview/llfloaterlinkreplace.cpp,ui,491,9,0,0,0,0,0,0,0,0,0,0,0,0,0
indra/newview/tests/lllogininstance_test.cpp,viewer.misc,491,22,0,0,0,0,0,0,0,0,0,0,0,0,3
indra/llcommon/llfasttimer.cpp,core,490,19,0,0,0,0,0,0,0,0,0,0,0,0,0
indra/llcommon/llsingleton.cpp,core,490,11,0,0,0,0,0,0,0,0,0,0,0,0,0
indra/llui/llsliderctrl.cpp,unknown,490,16,0,0,0,0,0,0,0,0,0,0,0,0,0
indra/llcharacter/llcharacter.cpp,unknown,489,4,0,0,0,0,0,0,0,0,0,0,0,0,0
indra/newview/lllandmarkactions.cpp,viewer.misc,486,21,0,0,0,0,0,0,0,0,0,0,0,0,0
indra/llcommon/tests/lleventfilter_test.cpp,core,485,9,0,0,0,0,0,0,0,0,0,0,0,0,0
indra/llui/lllineeditor.h,unknown,484,11,0,0,0,0,0,0,0,0,0,0,0,0,0
indra/newview/llfloatereditenvironmentbase.cpp,ui,482,15,0,0,0,0,0,0,0,0,0,0,0,0,0
indra/llui/llspellcheck.cpp,unknown,481,5,0,0,0,0,0,0,0,0,0,0,0,0,0
indra/llprimitive/llmaterial.cpp,unknown,477,3,0,0,0,0,0,0,0,0,0,0,0,0,0
indra/newview/llexpandabletextbox.cpp,viewer.misc,477,6,0,0,0,0,0,0,0,0,0,0,0,0,0
indra/llmessage/llxfer_file.cpp,network,476,9,0,0,0,0,0,0,0,0,0,0,0,0,0
indra/llaudio/llvorbisencode.cpp,unknown,475,7,0,0,0,0,0,0,0,0,0,0,0,0,0
indra/llappearance/llavatarappearance.h,world.avatar,475,8,0,0,0,0,0,0,0,0,0,0,0,0,0
indra/newview/llgroupmgr.h,viewer.misc,473,7,0,0,0,0,0,0,0,0,0,0,0,0,0
indra/llui/llemojidictionary.cpp,unknown,473,7,0,0,0,0,0,0,0,0,0,0,0,0,0
indra/newview/llchatitemscontainerctrl.cpp,viewer.misc,471,18,0,0,0,0,0,0,0,0,0,0,0,0,0
indra/media_plugins/cef/linux_volume_catcher.cpp,unknown,470,18,0,0,0,0,0,0,0,0,0,0,0,0,0
indra/newview/llappviewermacosx.cpp,viewer.misc,468,24,0,0,0,0,0,0,0,0,0,0,0,0,0
indra/llcommon/llinitparam.cpp,core,468,3,0,0,0,0,0,0,0,0,0,0,0,0,0
indra/llwindow/lldxhardware.cpp,unknown,468,10,0,0,0,0,0,0,0,0,0,0,0,0,0
indra/newview/llfloaterspellchecksettings.cpp,ui,466,13,0,0,0,0,0,0,0,0,0,0,0,0,0
indra/llprimitive/llprimtexturelist.cpp,assets.texture,465,4,0,0,0,0,0,0,0,0,0,0,0,0,0
indra/newview/llavatarrenderinfoaccountant.cpp,world.avatar,465,15,0,0,0,0,0,0,0,0,0,0,0,0,0
indra/llcharacter/llkeyframemotion.h,unknown,465,10,0,0,0,0,0,0,0,0,0,0,0,0,0
indra/newview/llblocklist.cpp,viewer.misc,464,6,0,0,0,0,0,0,0,0,0,0,0,0,0
indra/newview/llpathfindingpathtool.cpp,viewer.misc,463,8,0,0,0,0,0,0,0,0,0,0,0,0,0
indra/llcommon/llcoros.cpp,core,463,15,0,0,0,0,0,0,0,0,0,0,0,0,0
indra/newview/llappviewer.h,viewer.misc,462,8,0,0,0,0,0,0,0,0,0,0,0,0,0
indra/newview/llenvadapters.h,viewer.misc,460,5,0,0,0,0,0,0,0,0,0,0,0,0,0
indra/newview/lloutfitslist.h,viewer.misc,458,8,0,0,0,0,0,0,0,0,0,0,0,0,0
indra/llinventory/llsettingssky.h,unknown,458,2,0,0,0,0,0,0,0,0,0,0,0,0,0
indra/llui/llfolderview.h,unknown,458,7,0,0,0,0,0,0,0,0,0,0,0,0,0
indra/llcommon/llpointer.h,core,457,2,0,0,0,0,0,0,0,0,0,0,0,0,0
indra/llcommon/llmemory.h,core,456,6,0,0,0,0,0,0,0,0,0,0,0,0,0
indra/llcorehttp/_httppolicy.cpp,unknown,456,8,0,0,0,0,0,0,0,0,0,0,0,0,0
indra/llui/lltimectrl.cpp,unknown,455,11,0,0,0,0,0,0,0,0,0,0,0,0,0
indra/newview/fsareasearch.h,viewer.misc,452,8,0,0,0,0,0,0,0,0,0,0,0,0,0
indra/newview/llviewerassetstats.cpp,viewer.misc,451,7,0,0,0,0,0,0,0,0,0,0,0,0,0
indra/newview/llsyswellwindow.cpp,viewer.misc,451,11,0,0,0,0,0,0,0,0,0,0,0,0,0
indra/llui/llresizebar.cpp,unknown,451,8,0,0,0,0,0,0,0,0,0,0,0,0,0
indra/newview/tests/llviewernetwork_test.cpp,viewer.misc,451,5,0,0,0,0,0,0,0,0,0,0,0,0,0
indra/newview/llpanelexperiencepicker.cpp,ui,450,15,0,0,0,0,0,0,0,0,0,0,0,0,0
indra/llmath/tests/v2math_test.cpp,unknown,449,3,0,0,0,0,0,0,0,0,0,0,0,0,0
indra/llprimitive/llmodel.h,unknown,447,6,0,0,0,0,0,0,0,0,0,0,0,0,0
indra/newview/llinventoryfilter.h,viewer.misc,447,4,0,0,0,0,0,0,0,0,0,0,0,0,0
indra/newview/llfloatercreatelandmark.cpp,ui,447,18,0,0,0,0,0,0,0,0,0,0,0,0,0
indra/llmessage/tests/llmime_test.cpp,network,446,4,0,0,0,0,0,0,0,0,0,0,0,0,0
indra/llinventory/llpermissions.h,unknown,444,5,0,0,0,0,0,0,0,0,0,0,0,0,0
indra/llmessage/llpumpio.h,network,443,7,0,0,0,0,0,0,0,0,0,0,0,0,0
indra/newview/llfloaterabout.cpp,ui,443,33,0,0,0,0,0,0,0,0,0,0,0,0,0
indra/newview/llmediadataclient.h,viewer.misc,442,9,0,0,0,0,0,0,0,0,0,0,0,0,0
indra/llui/lltoolbar.h,unknown,441,6,0,0,0,0,0,0,0,0,0,0,0,0,0
indra/llcharacter/llkeyframemotionparam.cpp,unknown,440,7,0,0,0,0,0,0,0,0,0,0,0,0,0
indra/llplugin/llpluginmessage.cpp,unknown,439,4,0,0,0,0,0,0,0,0,0,0,0,0,0
indra/newview/llderenderlist.cpp,viewer.misc,439,13,0,0,0,0,0,0,0,0,0,0,0,0,0
indra/newview/llfolderviewmodelinventory.cpp,viewer.misc,438,7,0,0,0,0,0,0,0,0,0,0,0,0,0
indra/newview/llfloaterland.h,ui,437,5,0,0,0,0,0,0,0,0,0,0,0,0,0
indra/newview/llurldispatcher.cpp,viewer.misc,437,21,0,0,0,0,0,0,0,0,0,0,0,0,0
indra/llmessage/lldatapacker.h,network,436,0,0,0,0,0,0,0,0,0,0,0,0,0,0
indra/test/llsdutil_tut.cpp,unknown,435,16,0,0,0,0,0,0,0,0,0,0,0,0,0
indra/viewer_components/login/lllogin.cpp,unknown,435,12,0,0,0,0,0,0,0,0,0,0,0,0,0
indra/llmessage/llassetstorage.h,network,434,11,0,0,0,0,0,0,0,0,0,0,0,0,0
indra/llcommon/llcond.h,core,432,4,0,0,0,0,0,0,0,0,0,0,0,0,0
indra/llcommon/llmutex.cpp,core,431,5,0,0,0,0,0,0,0,0,0,0,0,0,0
indra/newview/llagentcamera.h,viewer.misc,430,3,0,0,0,0,0,0,0,0,0,0,0,0,0
indra/test/llhttpnode_tut.cpp,unknown,429,4,0,0,0,0,0,0,0,0,0,0,0,0,0
indra/newview/RRInterface.h,viewer.misc,428,16,0,0,0,0,0,0,0,0,0,0,0,0,0
indra/newview/llinventorygallery.h,viewer.misc,427,6,0,0,0,0,0,0,0,0,0,0,0,0,0
indra/newview/llvieweroctree.h,viewer.misc,426,10,0,0,0,0,0,0,0,0,0,0,0,0,0
indra/llmath/llinterp.h,unknown,426,1,0,0,0,0,0,0,0,0,0,0,0,0,0
indra/llmessage/llsdmessagebuilder.cpp,network,425,12,0,0,0,0,0,0,0,0,0,0,0,0,0
indra/newview/llfloatertranslationsettings.cpp,ui,425,12,0,0,0,0,0,0,0,0,0,0,0,0,0
indra/newview/llfloaterbulkpermission.cpp,ui,424,22,0,0,0,0,0,0,0,0,0,0,0,0,0
indra/llcommon/tests/lluri_test.cpp,core,424,4,0,0,0,0,0,0,0,0,0,0,0,0,0
indra/llmessage/llmessagetemplate.h,network,422,3,0,0,0,0,0,0,0,0,0,0,0,0,0
indra/newview/llhints.cpp,viewer.misc,422,8,0,0,0,0,0,0,0,0,0,0,0,0,0
indra/newview/llfloaterexperiences.cpp,ui,419,14,0,0,0,0,0,0,0,0,0,0,0,0,0
indra/newview/llinspectavatar.cpp,world.avatar,419,18,0,0,0,0,0,0,0,0,0,0,0,0,0
indra/llxml/llxmlparser.cpp,unknown,417,3,0,0,0,0,0,0,0,0,0,0,0,0,0
indra/llappearance/llavatarappearancedefines.cpp,world.avatar,417,3,0,0,0,0,0,0,0,0,0,0,0,0,0
indra/llimage/llpngwrapper.cpp,unknown,416,6,0,0,0,0,0,0,0,0,0,0,0,0,0
indra/newview/llpathfindingnavmeshzone.cpp,viewer.misc,413,7,0,0,0,0,0,0,0,0,0,0,0,0,0
indra/llui/llbutton.h,unknown,413,9,0,0,0,0,0,0,0,0,0,0,0,0,0
indra/newview/llpanelprofile.h,ui,412,8,0,0,0,0,0,0,0,0,0,0,0,0,0
indra/llmath/v3math.cpp,unknown,411,9,0,0,0,0,0,0,0,0,0,0,0,0,0
indra/newview/llpanelgroupbulk.cpp,ui,410,20,0,0,0,0,0,0,0,0,0,0,0,0,0
indra/newview/llpathfindinglinkset.cpp,viewer.misc,409,5,0,0,0,0,0,0,0,0,0,0,0,0,0
indra/llmath/llvolumemgr.cpp,unknown,409,3,0,0,0,0,0,0,0,0,0,0,0,0,0
indra/llmessage/llhttpnode.h,network,408,3,0,0,0,0,0,0,0,0,0,0,0,0,0
indra/llmessage/patch_code.cpp,network,408,6,0,0,0,0,0,0,0,0,0,0,0,0,0
indra/newview/llskinningutil.cpp,viewer.misc,408,7,0,0,0,0,0,0,0,0,0,0,0,0,0
indra/llimage/llimage.h,unknown,408,4,0,0,0,0,0,0,0,0,0,0,0,0,0
indra/llmath/m4math.h,unknown,407,1,0,0,0,0,0,0,0,0,0,0,0,0,0
indra/llmessage/tests/llnamevalue_test.cpp,network,407,4,0,0,0,0,0,0,0,0,0,0,0,0,0
indra/newview/llagentpilot.cpp,viewer.misc,406,11,0,0,0,0,0,0,0,0,0,0,0,0,0
indra/llmath/v2math.h,unknown,406,2,0,0,0,0,0,0,0,0,0,0,0,0,0
indra/newview/llpanelvoicedevicesettings.cpp,ui,401,9,0,0,0,0,0,0,0,0,0,0,0,0,0
indra/llinventory/llsettingswater.cpp,unknown,401,7,0,0,0,0,0,0,0,0,0,0,0,0,0
indra/llcommon/threadsafeschedule.h,core,400,6,0,0,0,0,0,0,0,0,0,0,0,0,0
indra/newview/fsfloaterwearablefavorites.cpp,viewer.misc,399,15,0,0,0,0,0,0,0,0,0,0,0,0,0
indra/llcommon/llworkerthread.cpp,core,399,4,0,0,0,0,0,0,0,0,0,0,0,0,0
indra/llmessage/llxfer_vfile.cpp,network,398,7,0,0,0,0,0,0,0,0,0,0,0,0,0
indra/llplugin/llpluginmessagepipe.cpp,unknown,398,4,0,0,0,0,0,0,0,0,0,0,0,0,0
indra/newview/llfloatergroups.cpp,ui,396,12,0,0,0,0,0,0,0,0,0,0,0,0,0
indra/newview/llinventoryitemslist.cpp,viewer.misc,396,8,0,0,0,0,0,0,0,0,0,0,0,0,0
indra/llcharacter/lljointsolverrp3.cpp,unknown,396,3,0,0,0,0,0,0,0,0,0,0,0,0,0
indra/media_plugins/example/media_plugin_example.cpp,unknown,396,7,0,0,0,0,0,0,0,0,0,0,0,0,0
indra/newview/app_settings/shaders/class3/deferred/screenSpaceReflUtil.glsl,viewer.misc,395,0,0,0,0,0,0,0,0,0,0,0,0,0,0
indra/llprimitive/llprimlinkinfo.h,unknown,394,8,0,0,0,0,0,0,0,0,0,0,0,0,0
indra/llcharacter/llkeyframewalkmotion.cpp,unknown,394,6,0,0,0,0,0,0,0,0,0,0,0,0,0
indra/llcommon/llkeybind.cpp,core,394,5,0,0,0,0,0,0,0,0,0,0,0,0,0
indra/llmath/llvector4a.h,unknown,393,6,0,0,0,0,0,0,0,0,0,0,0,0,0
indra/llcorehttp/tests/test_httpheaders.hpp,unknown,393,2,0,0,0,0,0,0,0,0,0,0,0,0,0
indra/newview/llpreviewscript.h,viewer.misc,392,11,0,0,0,0,0,0,0,0,0,0,0,0,0
indra/llcorehttp/httpcommon.cpp,unknown,392,7,0,0,0,0,0,0,0,0,0,0,0,0,0
indra/llui/llwindowshade.cpp,unknown,391,8,0,0,0,0,0,0,0,0,0,0,0,0,0
indra/newview/lldirpicker.cpp,viewer.misc,390,13,0,0,0,0,0,0,0,0,0,0,0,0,0
indra/llmessage/llxfer.cpp,network,389,6,0,0,0,0,0,0,0,0,0,0,0,0,0
indra/llui/lldockcontrol.cpp,unknown,389,3,0,0,0,0,0,0,0,0,0,0,0,0,0
indra/llcommon/tests/llunits_test.cpp,core,389,3,0,0,0,0,0,0,0,0,0,0,0,0,0
indra/newview/lloverlaybar.cpp,viewer.misc,388,27,0,0,0,0,0,0,0,0,0,0,0,0,0
indra/llui/lldraghandle.cpp,unknown,388,11,0,0,0,0,0,0,0,0,0,0,0,0,0
indra/llmessage/lliosocket.h,network,387,5,0,0,0,0,0,0,0,0,0,0,0,0,0
indra/newview/llfloaterregionrestartschedule.cpp,ui,387,7,0,0,0,0,0,0,0,0,0,0,0,0,0
indra/newview/tests/cppfeatures_test.cpp,viewer.misc,387,2,0,0,0,0,0,0,0,0,0,0,0,0,0
indra/llui/llresizehandle.cpp,unknown,386,9,0,0,0,0,0,0,0,0,0,0,0,0,0
indra/llcharacter/llstatemachine.cpp,unknown,385,3,0,0,0,0,0,0,0,0,0,0,0,0,0
indra/llui/lluicolortable.cpp,unknown,385,6,0,0,0,0,0,0,0,0,0,0,0,0,0
indra/llmath/tests/v4math_test.cpp,unknown,384,6,0,0,0,0,0,0,0,0,0,0,0,0,0
indra/newview/llpanelgrouproles.h,ui,382,1,0,0,0,0,0,0,0,0,0,0,0,0,0
indra/llcommon/indra_constants.h,core,382,1,0,0,0,0,0,0,0,0,0,0,0,0,0
indra/llcorehttp/tests/test_bufferarray.hpp,unknown,381,2,0,0,0,0,0,0,0,0,0,0,0,0,0
indra/newview/llsetkeybinddialog.cpp,viewer.misc,378,9,0,0,0,0,0,0,0,0,0,0,0,0,0
indra/llcommon/hbxxh.cpp,core,378,3,0,0,0,0,0,0,0,0,0,0,0,0,0
indra/llcharacter/llvisualparam.cpp,unknown,377,2,0,0,0,0,0,0,0,0,0,0,0,0,0
indra/llcommon/llcoros.h,core,377,12,0,0,0,0,0,0,0,0,0,0,0,0,0
indra/newview/lleventpoll.cpp,viewer.misc,376,13,0,0,0,0,0,0,0,0,0,0,0,0,0
indra/newview/llfloaterlagmeter.cpp,ui,376,11,0,0,0,0,0,0,0,0,0,0,0,0,0
indra/newview/llpanelmarketplaceinboxinventory.cpp,ui,376,11,0,0,0,0,0,0,0,0,0,0,0,0,0
indra/newview/llappearancemgr.h,viewer.misc,374,8,0,0,0,0,0,0,0,0,0,0,0,0,0
indra/llmessage/llpacketring.cpp,network,372,11,0,0,0,0,0,0,0,0,0,0,0,0,0
indra/newview/llviewertexlayer.cpp,viewer.misc,372,10,0,0,0,0,0,0,0,0,0,0,0,0,0
indra/llmath/llsphere.cpp,unknown,371,2,0,0,0,0,0,0,0,0,0,0,0,0,0
indra/llui/lltexteditor.h,unknown,371,9,0,0,0,0,0,0,0,0,0,0,0,0,0
indra/test/llmessagetemplateparser_tut.cpp,unknown,369,3,0,0,0,0,0,0,0,0,0,0,0,0,0
indra/newview/llfloaterobjectweights.cpp,ui,369,8,0,0,0,0,0,0,0,0,0,0,0,0,0
indra/llcorehttp/bufferarray.cpp,unknown,369,3,0,0,0,0,0,0,0,0,0,0,0,0,0
indra/llappearance/llpolymesh.h,unknown,369,8,0,0,0,0,0,0,0,0,0,0,0,0,0
indra/newview/llavatariconctrl.cpp,world.avatar,368,14,0,0,0,0,0,0,0,0,0,0,0,0,0
indra/newview/llnotificationhandler.h,viewer.misc,368,7,0,0,0,0,0,0,0,0,0,0,0,0,0
indra/llmath/tests/llbbox_test.cpp,unknown,368,3,0,0,0,0,0,0,0,0,0,0,0,0,0
indra/newview/llxmlrpclistener.cpp,viewer.misc,367,10,0,0,0,0,0,0,0,0,0,0,0,0,0
indra/newview/lloutputmonitorctrl.cpp,viewer.misc,366,7,0,0,0,0,0,0,0,0,0,0,0,0,0
indra/llappearance/llwearabledata.cpp,unknown,366,5,0,0,0,0,0,0,0,0,0,0,0,0,0
indra/llcommon/workqueue.cpp,core,364,8,0,0,0,0,0,0,0,0,0,0,0,0,0
indra/newview/llfloaterbuycurrency.cpp,ui,363,16,0,0,0,0,0,0,0,0,0,0,0,0,0
indra/llui/llnotificationslistener.cpp,unknown,363,6,0,0,0,0,0,0,0,0,0,0,0,0,0
indra/newview/llsechandler_basic.h,viewer.misc,362,3,0,0,0,0,0,0,0,0,0,0,0,0,0
indra/llwindow/lldragdropwin32.cpp,unknown,362,5,0,0,0,0,0,0,0,0,0,0,0,0,0
indra/llui/lluictrl.h,unknown,362,9,0,0,0,0,0,0,0,0,0,0,0,0,0
indra/newview/llspeakers.h,viewer.misc,361,5,0,0,0,0,0,0,0,0,0,0,0,0,0
indra/newview/llfloaterforgetuser.cpp,ui,361,12,0,0,0,0,0,0,0,0,0,0,0,0,0
indra/llmath/tests/v4color_test.cpp,unknown,360,6,0,0,0,0,0,0,0,0,0,0,0,0,0
indra/llfilesystem/llfilesystem.cpp,unknown,359,6,0,0,0,0,0,0,0,0,0,0,0,0,0
indra/newview/noise.h,viewer.misc,358,1,0,0,0,0,0,0,0,0,0,0,0,0,0
indra/newview/llperfstats.h,viewer.misc,357,10,0,0,0,0,0,0,0,0,0,0,0,0,0
indra/newview/lleventnotifier.cpp,viewer.misc,357,10,0,0,0,0,0,0,0,0,0,0,0,0,0
indra/newview/llpanelmediasettingssecurity.cpp,ui,357,17,0,0,0,0,0,0,0,0,0,0,0,0,0
indra/llui/llurlregistry.cpp,unknown,357,4,0,0,0,0,0,0,0,0,0,0,0,0,0
indra/llui/llmodaldialog.cpp,unknown,357,10,0,0,0,0,0,0,0,0,0,0,0,0,0
indra/llmessage/llproxy.h,network,356,8,0,0,0,0,0,0,0,0,0,0,0,0,0
indra/newview/kokuafloaterbulkrename.cpp,viewer.misc,356,23,0,0,0,0,0,0,0,0,0,0,0,0,0
indra/newview/llpanellandaudio.cpp,ui,356,20,0,0,0,0,0,0,0,0,0,0,0,0,0
indra/newview/llstatusbar.h,viewer.misc,356,1,0,0,0,0,0,0,0,0,0,0,0,0,0
indra/newview/llfloaterlandholdings.cpp,ui,356,23,0,0,0,0,0,0,0,0,0,0,0,0,0
indra/llcommon/llregistry.h,core,354,3,0,0,0,0,0,0,0,0,0,0,0,0,0
indra/llfilesystem/lldir_linux.cpp,unknown,353,10,0,0,0,0,0,0,0,0,0,0,0,0,0
indra/newview/llmodelpreview.h,viewer.misc,352,5,0,0,0,0,0,0,0,0,0,0,0,0,0
indra/newview/llviewerthrottle.cpp,viewer.misc,352,8,0,0,0,0,0,0,0,0,0,0,0,0,0
indra/llcommon/llmemory.cpp,core,352,16,0,0,0,0,0,0,0,0,0,0,0,0,0
indra/llcommon/llstringtable.cpp,core,352,3,0,0,0,0,0,0,0,0,0,0,0,0,0
indra/newview/app_settings/shaders/class3/environment/waterF.glsl,viewer.misc,352,0,0,0,0,0,0,0,0,0,0,0,0,0,0
indra/llmessage/llcircuit.h,network,351,9,0,0,0,0,0,0,0,0,0,0,0,0,0
indra/test/lliohttpserver_tut.cpp,unknown,351,8,0,0,0,0,0,0,0,0,0,0,0,0,0
indra/llcommon/llapp.h,core,351,7,0,0,0,0,0,0,0,0,0,0,0,0,0
indra/newview/lldonotdisturbnotificationstorage.cpp,viewer.misc,350,14,0,0,0,0,0,0,0,0,0,0,0,0,0
indra/llcharacter/llgesture.cpp,unknown,349,6,0,0,0,0,0,0,0,0,0,0,0,0,0
indra/llui/llpanel.h,ui,347,9,0,0,0,0,0,0,0,0,0,0,0,0,0
indra/llmessage/llsdmessagereader.cpp,network,345,12,0,0,0,0,0,0,0,0,0,0,0,0,0
indra/llmessage/llbufferstream.cpp,network,345,5,0,0,0,0,0,0,0,0,0,0,0,0,0
indra/newview/llfloaterbuy.cpp,ui,345,15,0,0,0,0,0,0,0,0,0,0,0,0,0
indra/newview/llnotificationhandlerutil.cpp,viewer.misc,345,10,0,0,0,0,0,0,0,0,0,0,0,0,0
indra/llxml/llxmlnode.h,unknown,345,10,0,0,0,0,0,0,0,0,0,0,0,0,0
indra/llfilesystem/lldiskcache.cpp,unknown,344,7,0,0,0,0,0,0,0,0,0,0,0,0,0
indra/viewer_components/login/tests/lllogin_test.cpp,unknown,344,11,0,0,0,0,0,0,0,0,0,0,0,0,0
indra/newview/llfloatermediasettings.cpp,ui,343,11,0,0,0,0,0,0,0,0,0,0,0,0,0
indra/llcharacter/llkeyframestandmotion.cpp,unknown,343,3,0,0,0,0,0,0,0,0,0,0,0,0,0
indra/newview/llpanelprofileclassifieds.h,ui,342,10,0,0,0,0,0,0,0,0,0,0,0,0,0
indra/newview/llwldaycycle.cpp,viewer.misc,342,7,0,0,0,0,0,0,0,0,0,0,0,0,0
indra/llmeshoptimizer/llmeshoptimizer.cpp,unknown,342,4,0,0,0,0,0,0,0,0,0,0,0,0,0
indra/llcharacter/llbvhloader.h,unknown,341,5,0,0,0,0,0,0,0,0,0,0,0,0,0
indra/llui/llscrolllistcolumn.cpp,unknown,341,8,0,0,0,0,0,0,0,0,0,0,0,0,0
indra/newview/tests/llslurl_test.cpp,viewer.misc,341,6,0,0,0,0,0,0,0,0,0,0,0,0,0
indra/llcommon/llfasttimer.h,core,340,6,0,0,0,0,0,0,0,0,0,0,0,0,0
indra/llphysicsextensionsos/llconvexdecompositionvhacd.h,unknown,340,5,0,0,0,0,0,0,0,0,0,0,0,0,0
indra/llui/lltrans.cpp,unknown,340,4,0,0,0,0,0,0,0,0,0,0,0,0,0
indra/llcommon/llfile.h,core,338,4,0,0,0,0,0,0,0,0,0,0,0,0,0
indra/llcommon/llsdparam.cpp,core,338,3,0,0,0,0,0,0,0,0,0,0,0,0,0
indra/newview/lltextureinfo.cpp,assets.texture,337,14,0,0,0,0,0,0,0,0,0,0,0,0,0
indra/llcommon/tests/lleventcoro_test.cpp,core,337,17,0,0,0,0,0,0,0,0,0,0,0,0,0
indra/llmath/tests/v4coloru_test.cpp,unknown,337,4,0,0,0,0,0,0,0,0,0,0,0,0,0
indra/newview/llfloatersettingscolor.cpp,ui,335,10,0,0,0,0,0,0,0,0,0,0,0,0,0
indra/newview/llviewerchat.cpp,viewer.misc,335,13,0,0,0,0,0,0,0,0,0,0,0,0,0
indra/llcommon/lldate.cpp,core,335,11,0,0,0,0,0,0,0,0,0,0,0,0,0
indra/llcommon/llmetricperformancetester.cpp,core,334,7,0,0,0,0,0,0,0,0,0,0,0,0,0
indra/llmath/tests/m3math_test.cpp,unknown,333,8,0,0,0,0,0,0,0,0,0,0,0,0,0
indra/llcommon/llkeythrottle.h,core,332,3,0,0,0,0,0,0,0,0,0,0,0,0,0
indra/llwindow/llwindow.h,unknown,332,6,0,0,0,0,0,0,0,0,0,0,0,0,0
indra/newview/llspeakingindicatormanager.cpp,viewer.misc,331,4,0,0,0,0,0,0,0,0,0,0,0,0,0
indra/llui/lltabcontainer.h,unknown,331,5,0,0,0,0,0,0,0,0,0,0,0,0,0
indra/llui/llcheckboxctrl.cpp,unknown,331,11,0,0,0,0,0,0,0,0,0,0,0,0,0
indra/newview/llconversationmodel.h,viewer.misc,330,5,0,0,0,0,0,0,0,0,0,0,0,0,0
indra/newview/llpanellandmedia.cpp,ui,330,21,0,0,0,0,0,0,0,0,0,0,0,0,0
indra/newview/llinventoryobserver.h,viewer.misc,330,3,0,0,0,0,0,0,0,0,0,0,0,0,0
indra/llcommon/lleventcoro.cpp,core,330,10,0,0,0,0,0,0,0,0,0,0,0,0,0
indra/newview/app_settings/shaders/class1/gltf/pbrmetallicroughnessV.glsl,viewer.misc,330,0,0,0,0,0,0,0,0,0,0,0,0,0,0
indra/newview/tests/llhttpretrypolicy_test.cpp,viewer.misc,329,3,0,0,0,0,0,0,0,0,0,0,0,0,0
indra/newview/llsyntaxid.cpp,viewer.misc,328,7,0,0,0,0,0,0,0,0,0,0,0,0,0
indra/llkdu/tests/llimagej2ckdu_test.cpp,unknown,328,6,0,0,0,0,0,0,0,0,0,0,0,0,0
indra/newview/llavataractions.h,world.avatar,327,4,0,0,0,0,0,0,0,0,0,0,0,0,0
indra/newview/llfloaterpathfindingcharacters.cpp,ui,327,22,0,0,0,0,0,0,0,0,0,0,0,0,0
indra/newview/llpanelblockedlist.cpp,ui,327,18,0,0,0,0,0,0,0,0,0,0,0,0,0
indra/llinventory/llsaleinfo.cpp,unknown,327,6,0,0,0,0,0,0,0,0,0,0,0,0,0
indra/llui/llnotificationtemplate.h,unknown,326,2,0,0,0,0,0,0,0,0,0,0,0,0,0
indra/llui/lluictrlfactory.h,unknown,326,8,0,0,0,0,0,0,0,0,0,0,0,0,0
indra/test/llsdmessagereader_tut.cpp,unknown,325,11,0,0,0,0,0,0,0,0,0,0,0,0,0
indra/llcommon/lltracethreadrecorder.cpp,core,325,5,0,0,0,0,0,0,0,0,0,0,0,0,0
indra/llwindow/llkeyboardsdl.cpp,unknown,325,4,0,0,0,0,0,0,0,0,0,0,0,0,0
indra/llwindow/llkeyboardwin32.cpp,unknown,325,4,0,0,0,0,0,0,0,0,0,0,0,0,0
indra/llcommon/tests/llsingleton_test.cpp,core,325,5,0,0,0,0,0,0,0,0,0,0,0,0,0
indra/newview/lltooldraganddrop.h,viewer.misc,324,8,0,0,0,0,0,0,0,0,0,0,0,0,0
indra/llcommon/lldoubledispatch.h,core,324,2,0,0,0,0,0,0,0,0,0,0,0,0,0
indra/llcommon/tests/llexception_test.cpp,core,324,5,0,0,0,0,0,0,0,0,0,0,0,0,0
indra/newview/llfloaterperms.cpp,ui,323,15,0,0,0,0,0,0,0,0,0,0,0,0,0
indra/llinventory/lllandmark.cpp,unknown,323,5,0,0,0,0,0,0,0,0,0,0,0,0,0
indra/newview/llviewerfoldertype.cpp,viewer.misc,322,6,0,0,0,0,0,0,0,0,0,0,0,0,0
indra/newview/fscommon.cpp,viewer.misc,322,18,0,0,0,0,0,0,0,0,0,0,0,0,0
indra/newview/llviewerobjectlist.h,viewer.misc,321,7,0,0,0,0,0,0,0,0,0,0,0,0,0
indra/newview/llviewermessage.h,viewer.misc,321,12,0,0,0,0,0,0,0,0,0,0,0,0,0
indra/newview/llpanelplaceinfo.cpp,ui,321,17,0,0,0,0,0,0,0,0,0,0,0,0,0
indra/newview/lltoolselect.cpp,viewer.misc,319,21,0,0,0,0,0,0,0,0,0,0,0,0,0
indra/llui/llrngwriter.cpp,unknown,319,5,0,0,0,0,0,0,0,0,0,0,0,0,0
indra/llwindow/llkeyboardmacosx.cpp,unknown,318,4,0,0,0,0,0,0,0,0,0,0,0,0,0
indra/newview/llviewerstats.h,viewer.misc,316,4,0,0,0,0,0,0,0,0,0,0,0,0,0
indra/llmath/xform.h,unknown,316,3,0,0,0,0,0,0,0,0,0,0,0,0,0
indra/newview/llpanelcontents.cpp,ui,314,32,0,0,0,0,0,0,0,0,0,0,0,0,0
indra/newview/llviewerstatsrecorder.cpp,viewer.misc,314,8,0,0,0,0,0,0,0,0,0,0,0,0,0
indra/newview/llscreenchannel.h,viewer.misc,313,2,0,0,0,0,0,0,0,0,0,0,0,0,0
indra/newview/llfloateravatarrendersettings.cpp,ui,313,1,0,0,0,0,0,0,0,0,0,0,0,0,0
indra/llcharacter/llcharacter.h,unknown,312,7,0,0,0,0,0,0,0,0,0,0,0,0,0
indra/llmessage/tests/llhttpclient_test.cpp,network,312,12,0,0,0,0,0,0,0,0,0,0,0,0,0
indra/newview/llinventorylistener.cpp,viewer.misc,310,7,0,0,0,0,0,0,0,0,0,0,0,0,0
indra/newview/llpanelmaininventory.h,ui,310,6,0,0,0,0,0,0,0,0,0,0,0,0,0
indra/llmath/tests/v3color_test.cpp,unknown,310,3,0,0,0,0,0,0,0,0,0,0,0,0,0
indra/llmessage/sound_ids.cpp,network,309,3,0,0,0,0,0,0,0,0,0,0,0,0,0
indra/newview/llfloaterurlentry.cpp,ui,309,12,0,0,0,0,0,0,0,0,0,0,0,0,0
indra/newview/llpanelprofileview.cpp,ui,309,12,0,0,0,0,0,0,0,0,0,0,0,0,0
indra/newview/llfloatermyscripts.cpp,ui,308,10,0,0,0,0,0,0,0,0,0,0,0,0,0
indra/llcharacter/lljoint.h,unknown,308,8,0,0,0,0,0,0,0,0,0,0,0,0,0
indra/llui/llscrolllistcell.h,unknown,308,8,0,0,0,0,0,0,0,0,0,0,0,0,0
indra/newview/llviewerparcelaskplay.cpp,viewer.misc,307,11,0,0,0,0,0,0,0,0,0,0,0,0,0
indra/newview/llcallbacklist.cpp,viewer.misc,306,4,0,0,0,0,0,0,0,0,0,0,0,0,0
indra/newview/llavatarlistitem.h,world.avatar,306,7,0,0,0,0,0,0,0,0,0,0,0,0,0
indra/llcorehttp/_httpoperation.cpp,unknown,306,9,0,0,0,0,0,0,0,0,0,0,0,0,0
indra/llmessage/llmessageconfig.cpp,network,305,8,0,0,0,0,0,0,0,0,0,0,0,0,0
indra/newview/gltf/accessor.cpp,viewer.misc,304,4,0,0,0,0,0,0,0,0,0,0,0,0,0
indra/newview/llfavoritesbar.h,viewer.misc,303,7,0,0,0,0,0,0,0,0,0,0,0,0,0
indra/newview/llmimetypes.cpp,viewer.misc,303,5,0,0,0,0,0,0,0,0,0,0,0,0,0
indra/llwindow/llwindowwin32.h,unknown,303,8,0,0,0,0,0,0,0,0,0,0,0,0,0
indra/newview/llfloaterbuycontents.cpp,ui,302,18,0,0,0,0,0,0,0,0,0,0,0,0,0
indra/newview/aoset.cpp,viewer.misc,302,4,0,0,0,0,0,0,0,0,0,0,0,0,0
indra/llcommon/llleaplistener.cpp,core,302,10,0,0,0,0,0,0,0,0,0,0,0,0,0
indra/newview/llavatarpropertiesprocessor.h,world.avatar,301,5,0,0,0,0,0,0,0,0,0,0,0,0,0
indra/llcommon/llevent.cpp,core,301,2,0,0,0,0,0,0,0,0,0,0,0,0,0
indra/llcorehttp/tests/test_httpstatus.hpp,unknown,301,3,0,0,0,0,0,0,0,0,0,0,0,0,0
indra/newview/llparticipantlist.cpp,viewer.misc,299,7,0,0,0,0,0,0,0,0,0,0,0,0,0
indra/llinventory/llinventory.h,unknown,299,8,0,0,0,0,0,0,0,0,0,0,0,0,0
indra/llmath/llrect.h,unknown,299,3,0,0,0,0,0,0,0,0,0,0,0,0,0
indra/llui/llviewereventrecorder.cpp,unknown,299,3,0,0,0,0,0,0,0,0,0,0,0,0,0
indra/newview/app_settings/shaders/class2/deferred/multiSpotLightF.glsl,viewer.misc,299,0,0,0,0,0,0,0,0,0,0,0,0,0,0
indra/newview/llfloaternamedesc.cpp,ui,298,24,0,0,0,0,0,0,0,0,0,0,0,0,0
indra/llcommon/llprofilercategories.h,core,298,0,0,0,0,0,0,0,0,0,0,0,0,0,0
indra/newview/llmarketplacefunctions.h,viewer.misc,297,4,0,0,0,0,0,0,0,0,0,0,0,0,0
indra/llcommon/llhandle.h,core,297,5,0,0,0,0,0,0,0,0,0,0,0,0,0
indra/llcommon/tests/lldependencies_test.cpp,core,297,5,0,0,0,0,0,0,0,0,0,0,0,0,0
indra/newview/llpanelmarketplaceinbox.cpp,ui,296,10,0,0,0,0,0,0,0,0,0,0,0,0,0
indra/newview/llviewerassetupload.h,viewer.misc,296,7,0,0,0,0,0,0,0,0,0,0,0,0,0
indra/newview/llteleporthistorystorage.cpp,viewer.misc,296,9,0,0,0,0,0,0,0,0,0,0,0,0,0
indra/newview/llwearablelist.cpp,viewer.misc,296,11,0,0,0,0,0,0,0,0,0,0,0,0,0
indra/llwebrtc/llwebrtc.h,unknown,296,2,0,0,0,0,0,0,0,0,0,0,0,0,0
indra/llmath/llperlin.cpp,unknown,295,3,0,0,0,0,0,0,0,0,0,0,0,0,0
indra/llinventory/llsettingswater.h,unknown,293,1,0,0,0,0,0,0,0,0,0,0,0,0,0
indra/llcommon/classic_callback.h,core,293,2,0,0,0,0,0,0,0,0,0,0,0,0,0
indra/newview/lldebugmessagebox.cpp,viewer.misc,292,10,0,0,0,0,0,0,0,0,0,0,0,0,0
indra/llappearance/llpolyskeletaldistortion.cpp,unknown,292,8,0,0,0,0,0,0,0,0,0,0,0,0,0
indra/newview/tests/llagentaccess_test.cpp,viewer.misc,292,6,0,0,0,0,0,0,0,0,0,0,0,0,0
indra/newview/llurl.cpp,viewer.misc,291,3,0,0,0,0,0,0,0,0,0,0,0,0,0
indra/newview/llinspectgroup.cpp,viewer.misc,291,13,0,0,0,0,0,0,0,0,0,0,0,0,0
indra/llcommon/llwatchdog.cpp,core,291,3,0,0,0,0,0,0,0,0,0,0,0,0,0
indra/llui/llurlaction.cpp,unknown,291,6,0,0,0,0,0,0,0,0,0,0,0,0,0
indra/llmessage/sound_ids.h,network,290,0,0,0,0,0,0,0,0,0,0,0,0,0,0
indra/newview/llfloatervoiceeffect.cpp,ui,290,5,0,0,0,0,0,0,0,0,0,0,0,0,0
indra/newview/llviewermedia_streamingaudio.cpp,viewer.misc,290,9,0,0,0,0,0,0,0,0,0,0,0,0,0
indra/llinventory/llnotecard.cpp,unknown,290,3,0,0,0,0,0,0,0,0,0,0,0,0,0
indra/newview/llworldmap.h,viewer.misc,289,8,0,0,0,0,0,0,0,0,0,0,0,0,0
indra/newview/llhudeffecttrail.cpp,viewer.misc,289,14,0,0,0,0,0,0,0,0,0,0,0,0,0
indra/llcommon/llmutex.h,core,289,7,0,0,0,0,0,0,0,0,0,0,0,0,0
indra/llmessage/llpartdata.h,network,288,5,0,0,0,0,0,0,0,0,0,0,0,0,0
indra/newview/llfloaterconversationpreview.cpp,ui,288,10,0,0,0,0,0,0,0,0,0,0,0,0,0
indra/llui/llcombobox.h,unknown,288,6,0,0,0,0,0,0,0,0,0,0,0,0,0
indra/newview/llcommandhandler.cpp,viewer.misc,287,7,0,0,0,0,0,0,0,0,0,0,0,0,0
indra/newview/app_settings/shaders/class3/deferred/softenLightF.glsl,viewer.misc,286,0,0,0,0,0,0,0,0,0,0,0,0,0,0
indra/newview/llexperiencelog.cpp,viewer.misc,285,9,0,0,0,0,0,0,0,0,0,0,0,0,0
indra/newview/llpanelmediasettingspermissions.cpp,ui,285,16,0,0,0,0,0,0,0,0,0,0,0,0,0
indra/newview/llfloaterworldmap.h,ui,285,5,0,0,0,0,0,0,0,0,0,0,0,0,0
indra/llcommon/lltrace.h,core,285,9,0,0,0,0,0,0,0,0,0,0,0,0,0
indra/llfilesystem/lldir_mac.cpp,unknown,285,10,0,0,0,0,0,0,0,0,0,0,0,0,0
indra/newview/llwebprofile.cpp,viewer.misc,284,10,0,0,0,0,0,0,0,0,0,0,0,0,0
indra/llcommon/lltraceaccumulators.cpp,core,284,4,0,0,0,0,0,0,0,0,0,0,0,0,0
indra/llcorehttp/bufferstream.cpp,unknown,284,2,0,0,0,0,0,0,0,0,0,0,0,0,0
indra/newview/app_settings/shaders/class1/deferred/multiSpotLightF.glsl,viewer.misc,284,0,0,0,0,0,0,0,0,0,0,0,0,0,0
indra/newview/llviewerassetstats.h,viewer.misc,283,9,0,0,0,0,0,0,0,0,0,0,0,0,0
indra/newview/lllegacyatmospherics.h,viewer.misc,283,8,0,0,0,0,0,0,0,0,0,0,0,0,0
indra/llfilesystem/lldir.h,unknown,283,0,0,0,0,0,0,0,0,0,0,0,0,0,0
indra/llui/lluictrlfactory.cpp,unknown,283,11,0,0,0,0,0,0,0,0,0,0,0,0,0
indra/newview/llfloatertos.cpp,ui,282,16,0,0,0,0,0,0,0,0,0,0,0,0,0
indra/llcorehttp/_httpoperation.h,unknown,282,3,0,0,0,0,0,0,0,0,0,0,0,0,0
indra/llcommon/tests/llinstancetracker_test.cpp,core,282,8,0,0,0,0,0,0,0,0,0,0,0,0,0
indra/newview/llcompilequeue.h,viewer.misc,281,6,0,0,0,0,0,0,0,0,0,0,0,0,0
indra/newview/llfloaterbump.cpp,ui,281,15,0,0,0,0,0,0,0,0,0,0,0,0,0
indra/newview/llagentwearables.h,viewer.misc,281,10,0,0,0,0,0,0,0,0,0,0,0,0,0
indra/newview/llfloaternotificationsconsole.cpp,ui,281,9,0,0,0,0,0,0,0,0,0,0,0,0,0
indra/newview/llfloatertelehub.cpp,ui,280,14,0,0,0,0,0,0,0,0,0,0,0,0,0
indra/newview/llcallingcard.h,viewer.misc,280,7,0,0,0,0,0,0,0,0,0,0,0,0,0
indra/newview/llteleporthistory.cpp,viewer.misc,280,16,0,0,0,0,0,0,0,0,0,0,0,0,0
indra/llui/tests/llurlmatch_test.cpp,unknown,280,4,0,0,0,0,0,0,0,0,0,0,0,0,0
indra/newview/tests/lltextureinfo_test.cpp,assets.texture,279,4,0,0,0,0,0,0,0,0,0,0,0,0,0
indra/newview/app_settings/shaders/class1/deferred/spotLightF.glsl,viewer.misc,279,0,0,0,0,0,0,0,0,0,0,0,0,0,0
indra/llmessage/llsdappservices.cpp,network,278,5,0,0,0,0,0,0,0,0,0,0,0,0,0
indra/llcommon/hbxxh.h,core,278,1,0,0,0,0,0,0,0,0,0,0,0,0,0
indra/newview/app_settings/shaders/class3/deferred/spotLightF.glsl,viewer.misc,278,0,0,0,0,0,0,0,0,0,0,0,0,0,0
indra/newview/llworldmapmessage.cpp,viewer.misc,276,7,0,0,0,0,0,0,0,0,0,0,0,0,0
indra/newview/llpanelland.cpp,ui,276,15,0,0,0,0,0,0,0,0,0,0,0,0,0
indra/llmath/llvolumeoctree.cpp,unknown,276,3,0,0,0,0,0,0,0,0,0,0,0,0,0
indra/media_plugins/cef/mac_volume_catcher.cpp,unknown,276,4,0,0,0,0,0,0,0,0,0,0,0,0,0
indra/newview/lllandmarklist.cpp,viewer.misc,275,8,0,0,0,0,0,0,0,0,0,0,0,0,0
indra/newview/llsplitbutton.cpp,viewer.misc,274,7,0,0,0,0,0,0,0,0,0,0,0,0,0
indra/newview/llfloatergodtools.h,ui,274,6,0,0,0,0,0,0,0,0,0,0,0,0,0
indra/newview/lljoystickbutton.h,viewer.misc,273,4,0,0,0,0,0,0,0,0,0,0,0,0,0
indra/llinventory/llfoldertype.cpp,unknown,273,6,0,0,0,0,0,0,0,0,0,0,0,0,0
indra/test/llbuffer_tut.cpp,unknown,272,5,0,0,0,0,0,0,0,0,0,0,0,0,0
indra/newview/llpopupview.cpp,viewer.misc,272,2,0,0,0,0,0,0,0,0,0,0,0,0,0
indra/llcharacter/llhandmotion.cpp,unknown,272,4,0,0,0,0,0,0,0,0,0,0,0,0,0
indra/llmessage/tests/llhost_test.cpp,network,272,3,0,0,0,0,0,0,0,0,0,0,0,0,0
indra/llprimitive/tests/llprimitive_test.cpp,unknown,272,5,0,0,0,0,0,0,0,0,0,0,0,0,0
indra/newview/llchannelmanager.cpp,viewer.misc,271,12,0,0,0,0,0,0,0,0,0,0,0,0,0
indra/newview/llpanelexperiencelisteditor.cpp,ui,271,14,0,0,0,0,0,0,0,0,0,0,0,0,0
indra/llmath/llmatrix4a.h,unknown,271,3,0,0,0,0,0,0,0,0,0,0,0,0,0
indra/llmessage/llavatarname.cpp,world.avatar,270,5,0,0,0,0,0,0,0,0,0,0,0,0,0
indra/llui/llresmgr.cpp,unknown,269,5,0,0,0,0,0,0,0,0,0,0,0,0,0
indra/llplugin/slplugin/slplugin.cpp,unknown,269,11,0,0,0,0,0,0,0,0,0,0,0,0,0
indra/llmessage/lliopipe.h,network,268,4,0,0,0,0,0,0,0,0,0,0,0,0,0
indra/newview/llpanelexperiencelog.cpp,ui,268,12,0,0,0,0,0,0,0,0,0,0,0,0,0
indra/newview/llwind.cpp,viewer.misc,268,9,0,0,0,0,0,0,0,0,0,0,0,0,0
indra/llcharacter/llmotion.h,unknown,268,4,0,0,0,0,0,0,0,0,0,0,0,0,0
indra/newview/llaudiosourcevo.cpp,viewer.misc,267,8,0,0,0,0,0,0,0,0,0,0,0,0,0
indra/newview/llpanelprofilepicks.h,ui,267,6,0,0,0,0,0,0,0,0,0,0,0,0,0
indra/llwindow/llwindowmacosx.h,unknown,267,7,0,0,0,0,0,0,0,0,0,0,0,0,0
indra/newview/llappcorehttp.h,viewer.misc,266,3,0,0,0,0,0,0,0,0,0,0,0,0,0
indra/llcommon/llassettype.cpp,core,266,6,0,0,0,0,0,0,0,0,0,0,0,0,0
indra/newview/llfloatermap.cpp,ui,265,14,0,0,0,0,0,0,0,0,0,0,0,0,0
indra/llcharacter/lleditingmotion.cpp,unknown,265,5,0,0,0,0,0,0,0,0,0,0,0,0,0
indra/newview/llwlhandlers.cpp,viewer.misc,264,7,0,0,0,0,0,0,0,0,0,0,0,0,0
indra/newview/llsearchcombobox.cpp,viewer.misc,264,5,0,0,0,0,0,0,0,0,0,0,0,0,0
indra/llui/lldockablefloater.cpp,unknown,264,3,0,0,0,0,0,0,0,0,0,0,0,0,0
indra/llcharacter/llanimationstates.h,unknown,263,3,0,0,0,0,0,0,0,0,0,0,0,0,0
indra/llmessage/partsyspacket.h,network,262,1,0,0,0,0,0,0,0,0,0,0,0,0,0
indra/llprimitive/lllslconstants.h,unknown,262,0,0,0,0,0,0,0,0,0,0,0,0,0,0
indra/newview/lltoastpanel.cpp,viewer.misc,262,11,0,0,0,0,0,0,0,0,0,0,0,0,0
indra/newview/llfloaterimsessiontab.h,ui,262,9,0,0,0,0,0,0,0,0,0,0,0,0,0
indra/llui/llxuiparser.h,unknown,261,7,0,0,0,0,0,0,0,0,0,0,0,0,0
indra/newview/llfloatersidepanelcontainer.cpp,ui,260,9,0,0,0,0,0,0,0,0,0,0,0,0,0
indra/newview/llpanelsnapshot.cpp,ui,260,12,0,0,0,0,0,0,0,0,0,0,0,0,0
indra/newview/llpanelenvironment.h,ui,260,10,0,0,0,0,0,0,0,0,0,0,0,0,0
indra/newview/llpaneloutfitedit.h,ui,260,9,0,0,0,0,0,0,0,0,0,0,0,0,0
indra/llui/llchatentry.cpp,unknown,259,3,0,0,0,0,0,0,0,0,0,0,0,0,0
indra/newview/lltoast.h,viewer.misc,257,8,0,0,0,0,0,0,0,0,0,0,0,0,0
indra/newview/lltexturecache.h,assets.texture,256,5,0,0,0,0,0,0,0,0,0,0,0,0,0
indra/newview/llpatchvertexarray.cpp,viewer.misc,256,3,0,0,0,0,0,0,0,0,0,0,0,0,0
indra/llappearance/llavatarappearancedefines.h,world.avatar,256,5,0,0,0,0,0,0,0,0,0,0,0,0,0
indra/llmessage/lltransfersourceasset.cpp,network,255,7,0,0,0,0,0,0,0,0,0,0,0,0,0
indra/newview/llphysicsshapebuilderutil.cpp,viewer.misc,255,3,0,0,0,0,0,0,0,0,0,0,0,0,0
indra/newview/llregioninfomodel.cpp,viewer.misc,255,6,0,0,0,0,0,0,0,0,0,0,0,0,0
indra/llrender/llfontgl.h,render.legacy_low_level,254,6,0,0,0,0,0,0,0,0,0,0,0,0,0
indra/newview/llpanelsnapshotpostcard.cpp,ui,254,18,0,0,0,0,0,0,0,0,0,0,0,0,0
indra/newview/llfloaterdisplayname.cpp,ui,254,9,0,0,0,0,0,0,0,0,0,0,0,0,0
indra/llcorehttp/tests/test_bufferstream.hpp,unknown,253,4,0,0,0,0,0,0,0,0,0,0,0,0,0
indra/newview/lltoolcomp.h,viewer.misc,252,1,0,0,0,0,0,0,0,0,0,0,0,0,0
indra/newview/llpaneleditwater.cpp,ui,252,7,0,0,0,0,0,0,0,0,0,0,0,0,0
indra/newview/llnotificationlistitem.h,viewer.misc,252,11,0,0,0,0,0,0,0,0,0,0,0,0,0
indra/llui/llaccordionctrltab.h,unknown,252,5,0,0,0,0,0,0,0,0,0,0,0,0,0
indra/newview/lltoastimpanel.cpp,viewer.misc,250,12,0,0,0,0,0,0,0,0,0,0,0,0,0
indra/newview/llpaneldirevents.cpp,ui,248,12,0,0,0,0,0,0,0,0,0,0,0,0,0
indra/newview/llpanelpeople.h,ui,248,8,0,0,0,0,0,0,0,0,0,0,0,0,0
indra/newview/llpanelgroupbulkban.cpp,ui,248,23,0,0,0,0,0,0,0,0,0,0,0,0,0
indra/llinventory/llinventorytype.cpp,unknown,248,5,0,0,0,0,0,0,0,0,0,0,0,0,0
indra/newview/llweb.cpp,viewer.misc,247,21,0,0,0,0,0,0,0,0,0,0,0,0,0
indra/newview/llfloatersnapshot.h,ui,247,4,0,0,0,0,0,0,0,0,0,0,0,0,0
indra/newview/llremoteparcelrequest.cpp,viewer.misc,247,13,0,0,0,0,0,0,0,0,0,0,0,0,0
indra/llfilesystem/lldiriterator.cpp,unknown,247,5,0,0,0,0,0,0,0,0,0,0,0,0,0
indra/llui/llmenubutton.cpp,unknown,247,5,0,0,0,0,0,0,0,0,0,0,0,0,0
indra/newview/llfloaterblocked.h,ui,246,3,0,0,0,0,0,0,0,0,0,0,0,0,0
indra/newview/kokuachatbar.cpp,viewer.misc,246,10,0,0,0,0,0,0,0,0,0,0,0,0,0
indra/newview/llfloatereditextdaycycle.h,ui,246,5,0,0,0,0,0,0,0,0,0,0,0,0,0
indra/llcharacter/llmotioncontroller.h,unknown,246,9,0,0,0,0,0,0,0,0,0,0,0,0,0
indra/llmath/tests/xform_test.cpp,unknown,246,3,0,0,0,0,0,0,0,0,0,0,0,0,0
indra/llcharacter/llmultigesture.h,unknown,245,5,0,0,0,0,0,0,0,0,0,0,0,0,0
indra/llcommon/llerrorcontrol.h,core,245,5,0,0,0,0,0,0,0,0,0,0,0,0,0
indra/llcorehttp/_httpoprequest.h,unknown,245,11,0,0,0,0,0,0,0,0,0,0,0,0,0
indra/llfilesystem/lllfsthread.cpp,unknown,245,4,0,0,0,0,0,0,0,0,0,0,0,0,0
indra/newview/llfloateropenobject.cpp,ui,244,17,0,0,0,0,0,0,0,0,0,0,0,0,0
indra/newview/llmenuoptionpathfindingrebakenavmesh.cpp,viewer.misc,244,10,0,0,0,0,0,0,0,0,0,0,0,0,0
indra/newview/llchicletbar.cpp,viewer.misc,244,7,0,0,0,0,0,0,0,0,0,0,0,0,0
indra/newview/llfloaterimcontainer.h,ui,243,11,0,0,0,0,0,0,0,0,0,0,0,0,0
indra/newview/llfloatermodelpreview.h,ui,243,3,0,0,0,0,0,0,0,0,0,0,0,0,0
indra/newview/llfloaterpostprocess.cpp,ui,243,12,0,0,0,0,0,0,0,0,0,0,0,0,0
indra/llui/llscrollingpanellist.cpp,unknown,243,3,0,0,0,0,0,0,0,0,0,0,0,0,0
indra/newview/app_settings/shaders/class1/deferred/shadowUtil.glsl,viewer.misc,243,0,0,0,0,0,0,0,0,0,0,0,0,0,0
indra/llcharacter/tests/lljoint_test.cpp,unknown,243,5,0,0,0,0,0,0,0,0,0,0,0,0,0
indra/newview/llinventorylistitem.h,viewer.misc,242,6,0,0,0,0,0,0,0,0,0,0,0,0,0
indra/newview/llnamelistctrl.h,viewer.misc,242,3,0,0,0,0,0,0,0,0,0,0,0,0,0
indra/test/lldoubledispatch_tut.cpp,unknown,241,7,0,0,0,0,0,0,0,0,0,0,0,0,0
indra/newview/llpanelgroupcreate.cpp,ui,241,21,0,0,0,0,0,0,0,0,0,0,0,0,0
indra/llcommon/llstreamqueue.h,core,241,4,0,0,0,0,0,0,0,0,0,0,0,0,0
indra/llwindow/llwindowsdl.h,unknown,241,6,0,0,0,0,0,0,0,0,0,0,0,0,0
indra/llcommon/tests/apply_test.cpp,core,241,9,0,0,0,0,0,0,0,0,0,0,0,0,0
indra/llcommon/tests/wrapllerrs.h,core,241,10,0,0,0,0,0,0,0,0,0,0,0,0,0
indra/llprimitive/lltextureanim.cpp,assets.texture,240,4,0,0,0,0,0,0,0,0,0,0,0,0,0
indra/newview/llpanelexperiences.cpp,ui,240,8,0,0,0,0,0,0,0,0,0,0,0,0,0
indra/llcommon/tests/workqueue_test.cpp,core,240,11,0,0,0,0,0,0,0,0,0,0,0,0,0
indra/llcommon/tests/lllazy_test.cpp,core,240,7,0,0,0,0,0,0,0,0,0,0,0,0,0
indra/newview/llviewertextureanim.cpp,assets.texture,239,5,0,0,0,0,0,0,0,0,0,0,0,0,0
indra/newview/llteleporthistory.h,viewer.misc,239,6,0,0,0,0,0,0,0,0,0,0,0,0,0
indra/newview/llviewerdisplayname.cpp,viewer.misc,239,13,0,0,0,0,0,0,0,0,0,0,0,0,0
indra/llcommon/llbase32.cpp,core,239,3,0,0,0,0,0,0,0,0,0,0,0,0,0
indra/llwindow/llwindowcallbacks.cpp,unknown,239,2,0,0,0,0,0,0,0,0,0,0,0,0,0
indra/newview/tests/llxmlrpclistener_test.cpp,viewer.misc,239,16,0,0,0,0,0,0,0,0,0,0,0,0,0
indra/newview/llpreviewanim.cpp,viewer.misc,238,14,0,0,0,0,0,0,0,0,0,0,0,0,0
indra/newview/llviewernetwork.h,viewer.misc,238,0,0,0,0,0,0,0,0,0,0,0,0,0,0
indra/newview/lltoolselectland.cpp,viewer.misc,238,9,0,0,0,0,0,0,0,0,0,0,0,0,0
indra/llcorehttp/httpresponse.h,unknown,238,4,0,0,0,0,0,0,0,0,0,0,0,0,0
indra/llui/lltextparser.cpp,unknown,238,12,0,0,0,0,0,0,0,0,0,0,0,0,0
indra/llmessage/llservicebuilder.cpp,network,237,6,0,0,0,0,0,0,0,0,0,0,0,0,0
indra/test/llmessageconfig_tut.cpp,unknown,237,8,0,0,0,0,0,0,0,0,0,0,0,0,0
indra/newview/llestateinfomodel.cpp,viewer.misc,237,8,0,0,0,0,0,0,0,0,0,0,0,0,0
indra/llmessage/lltransfertargetvfile.cpp,network,235,5,0,0,0,0,0,0,0,0,0,0,0,0,0
indra/newview/llpanelprimmediacontrols.h,ui,235,4,0,0,0,0,0,0,0,0,0,0,0,0,0
indra/newview/llfloatermarketplacelistings.h,ui,235,7,0,0,0,0,0,0,0,0,0,0,0,0,0
indra/llxml/llxmltree.h,unknown,235,5,0,0,0,0,0,0,0,0,0,0,0,0,0
indra/llcommon/lldefs.h,core,235,2,0,0,0,0,0,0,0,0,0,0,0,0,0
indra/llcommon/lluriparser.cpp,core,235,2,0,0,0,0,0,0,0,0,0,0,0,0,0
indra/llcorehttp/_httpservice.h,unknown,235,7,0,0,0,0,0,0,0,0,0,0,0,0,0
indra/newview/llpaneldirland.cpp,ui,234,13,0,0,0,0,0,0,0,0,0,0,0,0,0
indra/newview/aoengine.h,viewer.misc,234,7,0,0,0,0,0,0,0,0,0,0,0,0,0
indra/llui/lllayoutstack.h,unknown,234,2,0,0,0,0,0,0,0,0,0,0,0,0,0
indra/newview/llfollowcam.h,viewer.misc,233,8,0,0,0,0,0,0,0,0,0,0,0,0,0
indra/llmath/tests/llbboxlocal_test.cpp,unknown,233,3,0,0,0,0,0,0,0,0,0,0,0,0,0
indra/newview/llscriptfloater.h,viewer.misc,232,2,0,0,0,0,0,0,0,0,0,0,0,0,0
indra/llcommon/apply.h,core,232,5,0,0,0,0,0,0,0,0,0,0,0,0,0
indra/llphysicsextensionsos/llconvexdecomposition.h,unknown,232,0,0,0,0,0,0,0,0,0,0,0,0,0,0
indra/newview/lltoastgroupnotifypanel.cpp,viewer.misc,231,18,0,0,0,0,0,0,0,0,0,0,0,0,0
indra/newview/llfloatersearchreplace.cpp,ui,231,8,0,0,0,0,0,0,0,0,0,0,0,0,0
indra/llcommon/llcallbacklist.cpp,core,231,3,0,0,0,0,0,0,0,0,0,0,0,0,0
indra/llcommon/tests/llpounceable_test.cpp,core,231,4,0,0,0,0,0,0,0,0,0,0,0,0,0
indra/llmath/raytrace.h,unknown,230,0,0,0,0,0,0,0,0,0,0,0,0,0,0
indra/llimage/llimageworker.cpp,unknown,229,4,0,0,0,0,0,0,0,0,0,0,0,0,0
indra/llimage/llimagedimensionsinfo.cpp,unknown,229,4,0,0,0,0,0,0,0,0,0,0,0,0,0
indra/llprimitive/llmodelloader.h,unknown,228,4,0,0,0,0,0,0,0,0,0,0,0,0,0
indra/newview/llmediactrl.h,viewer.misc,228,4,0,0,0,0,0,0,0,0,0,0,0,0,0
indra/llmath/llcamera.h,unknown,228,4,0,0,0,0,0,0,0,0,0,0,0,0,0
indra/newview/llavatarlist.h,world.avatar,227,2,0,0,0,0,0,0,0,0,0,0,0,0,0
indra/newview/llautoreplace.h,viewer.misc,227,1,0,0,0,0,0,0,0,0,0,0,0,0,0
indra/llcommon/StackWalker.h,core,227,1,0,0,0,0,0,0,0,0,0,0,0,0,0
indra/newview/llfloatermemleak.cpp,ui,226,8,0,0,0,0,0,0,0,0,0,0,0,0,0
indra/llui/llviewmodel.h,unknown,226,7,0,0,0,0,0,0,0,0,0,0,0,0,0
indra/newview/llworldmapview.h,viewer.misc,225,3,0,0,0,0,0,0,0,0,0,0,0,0,0
indra/llcommon/llpreprocessor.h,core,225,1,0,0,0,0,0,0,0,0,0,0,0,0,0
indra/llmessage/llxfermanager.h,network,224,6,0,0,0,0,0,0,0,0,0,0,0,0,0
indra/llplugin/llpluginprocessparent.h,unknown,224,10,0,0,0,0,0,0,0,0,0,0,0,0,0
indra/newview/llfilepicker.h,viewer.misc,224,7,0,0,0,0,0,0,0,0,0,0,0,0,0
indra/newview/llmutelist.h,viewer.misc,224,3,0,0,0,0,0,0,0,0,0,0,0,0,0
indra/llcommon/llcrc.cpp,core,224,3,0,0,0,0,0,0,0,0,0,0,0,0,0
indra/llcorehttp/_httplibcurl.h,unknown,224,7,0,0,0,0,0,0,0,0,0,0,0,0,0
indra/llprimitive/llmediaentry.h,unknown,223,3,0,0,0,0,0,0,0,0,0,0,0,0,0
indra/newview/llfloatertools.h,ui,223,4,0,0,0,0,0,0,0,0,0,0,0,0,0
indra/newview/llviewercontrollistener.cpp,viewer.misc,223,8,0,0,0,0,0,0,0,0,0,0,0,0,0
indra/llcorehttp/llhttpconstants.h,unknown,222,1,0,0,0,0,0,0,0,0,0,0,0,0,0
indra/newview/llfloateravatartextures.cpp,ui,221,12,0,0,0,0,0,0,0,0,0,0,0,0,0
indra/newview/llconversationlog.h,viewer.misc,221,3,0,0,0,0,0,0,0,0,0,0,0,0,0
indra/newview/llfloatervoicevolume.cpp,ui,221,12,0,0,0,0,0,0,0,0,0,0,0,0,0
indra/newview/llfloaterpathfindingconsole.h,ui,221,8,0,0,0,0,0,0,0,0,0,0,0,0,0
indra/newview/lldateutil.cpp,viewer.misc,221,6,0,0,0,0,0,0,0,0,0,0,0,0,0
indra/newview/llhudeffectresetskeleton.cpp,viewer.misc,221,6,0,0,0,0,0,0,0,0,0,0,0,0,0
indra/llcommon/llpounceable.h,core,221,6,0,0,0,0,0,0,0,0,0,0,0,0,0
indra/llcommon/lleventcoro.h,core,221,2,0,0,0,0,0,0,0,0,0,0,0,0,0
indra/llmessage/llinstantmessage.h,network,220,6,0,0,0,0,0,0,0,0,0,0,0,0,0
indra/newview/llexternaleditor.cpp,viewer.misc,220,7,0,0,0,0,0,0,0,0,0,0,0,0,0
indra/newview/llexpandabletextbox.h,viewer.misc,220,2,0,0,0,0,0,0,0,0,0,0,0,0,0
indra/llmath/m3math.h,unknown,220,2,0,0,0,0,0,0,0,0,0,0,0,0,0
indra/llui/llcommandmanager.h,unknown,219,2,0,0,0,0,0,0,0,0,0,0,0,0,0
indra/llui/llsearcheditor.cpp,unknown,219,3,0,0,0,0,0,0,0,0,0,0,0,0,0
indra/newview/llviewermenu.h,viewer.misc,217,2,0,0,0,0,0,0,0,0,0,0,0,0,0
indra/newview/llversioninfo.cpp,viewer.misc,217,7,0,0,0,0,0,0,0,0,0,0,0,0,0
indra/llcharacter/llheadrotmotion.h,unknown,217,2,0,0,0,0,0,0,0,0,0,0,0,0,0
indra/llcorehttp/httpoptions.h,unknown,217,2,0,0,0,0,0,0,0,0,0,0,0,0,0
indra/llcommon/llapr.h,core,216,7,0,0,0,0,0,0,0,0,0,0,0,0,0
indra/llcommon/llmetricperformancetester.h,core,216,0,0,0,0,0,0,0,0,0,0,0,0,0,0
indra/llcommon/llkeyusetracker.h,core,216,0,0,0,0,0,0,0,0,0,0,0,0,0,0
indra/llmath/llvolumeoctree.h,unknown,216,5,0,0,0,0,0,0,0,0,0,0,0,0,0
indra/llmessage/lldbstrings.h,network,215,0,0,0,0,0,0,0,0,0,0,0,0,0,0
indra/newview/llurlfloaterdispatchhandler.cpp,viewer.misc,215,9,0,0,0,0,0,0,0,0,0,0,0,0,0
indra/newview/llhudmanager.cpp,viewer.misc,215,10,0,0,0,0,0,0,0,0,0,0,0,0,0
indra/newview/lllogchat.h,viewer.misc,214,1,0,0,0,0,0,0,0,0,0,0,0,0,0
indra/newview/lllocationinputctrl.h,viewer.misc,214,5,0,0,0,0,0,0,0,0,0,0,0,0,0
indra/newview/llpathfindinglinksetlist.cpp,viewer.misc,214,8,0,0,0,0,0,0,0,0,0,0,0,0,0
indra/llcommon/tests/lldate_test.cpp,core,214,4,0,0,0,0,0,0,0,0,0,0,0,0,0
indra/newview/llviewergesture.cpp,viewer.misc,213,15,0,0,0,0,0,0,0,0,0,0,0,0,0
indra/newview/llvoicechannel.h,viewer.misc,213,4,0,0,0,0,0,0,0,0,0,0,0,0,0
indra/llcrashlogger/llcrashlock.cpp,unknown,213,13,0,0,0,0,0,0,0,0,0,0,0,0,0
indra/llui/llkeywords.h,unknown,213,9,0,0,0,0,0,0,0,0,0,0,0,0,0
indra/newview/llinventoryicon.cpp,viewer.misc,212,9,0,0,0,0,0,0,0,0,0,0,0,0,0
indra/newview/llfloaterregiondebugconsole.cpp,ui,212,8,0,0,0,0,0,0,0,0,0,0,0,0,0
indra/llcommon/lldeadmantimer.h,core,212,3,0,0,0,0,0,0,0,0,0,0,0,0,0
indra/newview/lltool.cpp,viewer.misc,211,12,0,0,0,0,0,0,0,0,0,0,0,0,1
indra/llcommon/llpredicate.h,core,211,1,0,0,0,0,0,0,0,0,0,0,0,0,0
indra/llcommon/llstringtable.h,core,210,5,0,0,0,0,0,0,0,0,0,0,0,0,0
indra/llui/llaccordionctrl.h,unknown,210,6,0,0,0,0,0,0,0,0,0,0,0,0,0
indra/newview/llaccountingcostmanager.cpp,viewer.misc,209,11,0,0,0,0,0,0,0,0,0,0,0,0,0
indra/newview/llfloaterimsession.h,ui,209,7,0,0,0,0,0,0,0,0,0,0,0,0,0
indra/llcommon/stdtypes.h,core,209,6,0,0,0,0,0,0,0,0,0,0,0,0,0
indra/llcommon/llbitpack.h,core,209,1,0,0,0,0,0,0,0,0,0,0,0,0,0
indra/llmessage/llavatarnamecache.h,world.avatar,208,4,0,0,0,0,0,0,0,0,0,0,0,0,0
indra/llmessage/llregionflags.h,network,208,0,0,0,0,0,0,0,0,0,0,0,0,0,0
indra/newview/llpanelavatar.cpp,ui,208,5,0,0,0,0,0,0,0,0,0,0,0,0,0
indra/llcommon/threadpool.cpp,core,208,8,0,0,0,0,0,0,0,0,0,0,0,0,0
indra/test/lltut.cpp,unknown,207,7,0,0,0,0,0,0,0,0,0,0,0,0,0
indra/newview/llpanelgroup.h,ui,207,5,0,0,0,0,0,0,0,0,0,0,0,0,0
indra/newview/llagentui.cpp,viewer.misc,207,9,0,0,0,0,0,0,0,0,0,0,0,0,0
indra/newview/llnotificationofferhandler.cpp,viewer.misc,207,11,0,0,0,0,0,0,0,0,0,0,0,0,0
indra/llrender/llfontfreetypesvg.cpp,render.legacy_low_level,206,4,0,0,0,0,0,0,0,0,0,0,0,0,0
indra/llprimitive/lltreeparams.cpp,unknown,206,3,0,0,0,0,0,0,0,0,0,0,0,0,0
indra/llcommon/lazyeventapi.h,core,206,8,0,0,0,0,0,0,0,0,0,0,0,0,0
indra/llcommon/stringize.h,core,206,3,0,0,0,0,0,0,0,0,0,0,0,0,0
indra/newview/llfloatercamera.h,ui,205,4,0,0,0,0,0,0,0,0,0,0,0,0,0
indra/newview/llpathfindingnavmesh.cpp,viewer.misc,205,7,0,0,0,0,0,0,0,0,0,0,0,0,0
indra/newview/app_settings/shaders/class1/deferred/pbrterrainV.glsl,viewer.misc,205,0,0,0,0,0,0,0,0,0,0,0,0,0,0
indra/media_plugins/base/media_plugin_base.cpp,unknown,205,2,0,0,0,0,0,0,0,0,0,0,0,0,0
indra/newview/fsmoneytracker.cpp,viewer.misc,204,8,0,0,0,0,0,0,0,0,0,0,0,0,0
indra/newview/tests/lldateutil_test.cpp,viewer.misc,204,8,0,0,0,0,0,0,0,0,0,0,0,0,0
indra/llprimitive/lltreeparams.h,unknown,202,0,0,0,0,0,0,0,0,0,0,0,0,0,0
indra/newview/llviewerinput.h,viewer.misc,202,1,0,0,0,0,0,0,0,0,0,0,0,0,0
indra/newview/llwindebug.cpp,viewer.misc,202,3,0,0,0,0,0,0,0,0,0,0,0,0,0
indra/llcommon/llworkerthread.h,core,202,8,0,0,0,0,0,0,0,0,0,0,0,0,0
indra/newview/fsavatarsearchmenu.cpp,world.avatar,201,7,0,0,0,0,0,0,0,0,0,0,0,0,0
indra/newview/llfloaterregionrestarting.cpp,ui,201,8,0,0,0,0,0,0,0,0,0,0,0,0,0
indra/newview/llpathfindingobject.cpp,viewer.misc,201,8,0,0,0,0,0,0,0,0,0,0,0,0,0
indra/newview/llsurfacepatch.h,viewer.misc,201,3,0,0,0,0,0,0,0,0,0,0,0,0,0
indra/newview/llpanelobject.h,ui,201,4,0,0,0,0,0,0,0,0,0,0,0,0,0
indra/newview/llinspectremoteobject.cpp,viewer.misc,201,12,0,0,0,0,0,0,0,0,0,0,0,0,0
indra/llcorehttp/httpheaders.cpp,unknown,201,2,0,0,0,0,0,0,0,0,0,0,0,0,0
indra/newview/llplacesinventorybridge.cpp,viewer.misc,200,5,0,0,0,0,0,0,0,0,0,0,0,0,0
indra/llcommon/lluuid.h,core,200,6,0,0,0,0,0,0,0,0,0,0,0,0,0
indra/llkdu/llkdumem.cpp,unknown,200,3,0,0,0,0,0,0,0,0,0,0,0,0,0
indra/newview/llloginhandler.cpp,viewer.misc,199,13,0,0,0,0,0,0,0,0,0,0,0,0,0
indra/newview/llgesturemgr.h,viewer.misc,199,7,0,0,0,0,0,0,0,0,0,0,0,0,0
indra/newview/roles_constants.h,viewer.misc,199,0,0,0,0,0,0,0,0,0,0,0,0,0,0
indra/llcommon/llsafehandle.h,core,199,2,0,0,0,0,0,0,0,0,0,0,0,0,0
indra/llcommon/lllivefile.cpp,core,199,4,0,0,0,0,0,0,0,0,0,0,0,0,0
indra/newview/llhudnametag.h,viewer.misc,198,9,0,0,0,0,0,0,0,0,0,0,0,0,0
indra/newview/llfloatertoybox.cpp,ui,198,10,0,0,0,0,0,0,0,0,0,0,0,0,0
indra/llmessage/llxfer_mem.cpp,network,197,5,0,0,0,0,0,0,0,0,0,0,0,0,0
indra/newview/llpersistentnotificationstorage.cpp,viewer.misc,197,8,0,0,0,0,0,0,0,0,0,0,0,0,0
indra/newview/lltoolview.cpp,viewer.misc,197,11,0,0,0,0,0,0,0,0,0,0,0,0,0
indra/newview/llurlwhitelist.cpp,viewer.misc,197,4,0,0,0,0,0,0,0,0,0,0,0,0,0
indra/llcommon/llevent.h,core,197,3,0,0,0,0,0,0,0,0,0,0,0,0,0
indra/llrender/llfontfreetype.h,render.legacy_low_level,196,5,0,0,0,0,0,0,0,0,0,0,0,0,0
indra/test/llassetuploadqueue_tut.cpp,unknown,196,4,0,0,0,0,0,0,0,0,0,0,0,0,0
indra/llprimitive/llmaterialid.cpp,unknown,196,4,0,0,0,0,0,0,0,0,0,0,0,0,0
indra/newview/llpaneleventinfo.cpp,ui,196,10,0,0,0,0,0,0,0,0,0,0,0,0,0
indra/llcommon/lltimer.h,core,196,6,0,0,0,0,0,0,0,0,0,0,0,0,0
indra/llmath/llline.cpp,unknown,196,3,0,0,0,0,0,0,0,0,0,0,0,0,0
indra/llui/llcommandmanager.cpp,unknown,196,5,0,0,0,0,0,0,0,0,0,0,0,0,0
indra/test/llsaleinfo_tut.cpp,unknown,195,4,0,0,0,0,0,0,0,0,0,0,0,0,0
indra/newview/llmoveview.h,viewer.misc,195,1,0,0,0,0,0,0,0,0,0,0,0,0,0
indra/llcommon/tests/llstreamqueue_test.cpp,core,195,5,0,0,0,0,0,0,0,0,0,0,0,0,0
indra/llcommon/lluri.h,core,194,1,0,0,0,0,0,0,0,0,0,0,0,0,0
indra/llappearance/llpolymorph.h,unknown,194,3,0,0,0,0,0,0,0,0,0,0,0,0,0
indra/newview/app_settings/shaders/class1/deferred/cloudsV.glsl,viewer.misc,194,0,0,0,0,0,0,0,0,0,0,0,0,0,0
indra/llmessage/llmessagetemplate.cpp,network,193,3,0,0,0,0,0,0,0,0,0,0,0,0,0
indra/newview/llpaneleditwearable.h,ui,193,5,0,0,0,0,0,0,0,0,0,0,0,0,0
indra/llui/llemojihelper.cpp,unknown,193,6,0,0,0,0,0,0,0,0,0,0,0,0,0
indra/newview/llconversationview.h,viewer.misc,192,4,0,0,0,0,0,0,0,0,0,0,0,0,0
indra/llcorehttp/httpheaders.h,unknown,192,3,0,0,0,0,0,0,0,0,0,0,0,0,0
indra/newview/app_settings/shaders/class1/deferred/tonemapUtilF.glsl,viewer.misc,192,0,0,0,0,0,0,0,0,0,0,0,0,0,0
indra/llmessage/lluseroperation.cpp,network,191,2,0,0,0,0,0,0,0,0,0,0,0,0,0
indra/test/mock_http_client.h,unknown,191,6,0,0,0,0,0,0,0,0,0,0,0,0,0
indra/llprimitive/llmaterialtable.h,unknown,191,3,0,0,0,0,0,0,0,0,0,0,0,0,0
indra/newview/llfeaturemanager.h,viewer.misc,191,6,0,0,0,0,0,0,0,0,0,0,0,0,0
indra/newview/llderenderlist.h,viewer.misc,191,2,0,0,0,0,0,0,0,0,0,0,0,0,0
indra/llcorehttp/_httppolicyglobal.cpp,unknown,191,2,0,0,0,0,0,0,0,0,0,0,0,0,0
indra/newview/llfloatersearch.cpp,ui,190,10,0,0,0,0,0,0,0,0,0,0,0,0,0
indra/newview/llpanelsnapshotlocal.cpp,ui,190,10,0,0,0,0,0,0,0,0,0,0,0,0,0
indra/llcommon/lldeadmantimer.cpp,core,189,1,0,0,0,0,0,0,0,0,0,0,0,0,0
indra/llmath/llcalcparser.h,unknown,189,8,0,0,0,0,0,0,0,0,0,0,0,0,0
indra/llplugin/llplugininstance.cpp,unknown,188,4,0,0,0,0,0,0,0,0,0,0,0,0,0
indra/newview/llhttpretrypolicy.cpp,viewer.misc,188,2,0,0,0,0,0,0,0,0,0,0,0,0,0
indra/newview/llconversationloglistitem.cpp,viewer.misc,188,11,0,0,0,0,0,0,0,0,0,0,0,0,0
indra/newview/streamtitledisplay.cpp,viewer.misc,188,11,0,0,0,0,0,0,0,0,0,0,0,0,0
indra/llphysicsextensionsos/llpathinglib.h,unknown,188,7,0,0,0,0,0,0,4,0,0,0,0,0,0
indra/newview/app_settings/shaders/class3/deferred/multiPointLightF.glsl,viewer.misc,188,0,0,0,0,0,0,0,0,0,0,0,0,0,0
indra/llcharacter/llvisualparam.h,unknown,187,4,0,0,0,0,0,0,0,0,0,0,0,0,0
indra/llcommon/llprofiler.h,core,187,2,0,0,0,0,0,0,0,0,0,0,0,0,0
indra/newview/llpanelnearbymedia.h,ui,186,1,0,0,0,0,0,0,0,0,0,0,0,0,0
indra/newview/llhudtext.h,viewer.misc,186,10,0,0,0,0,0,0,0,0,0,0,0,0,0
indra/newview/llfloatergridstatus.cpp,ui,186,11,0,0,0,0,0,0,0,0,0,0,0,0,0
indra/llui/lltooltip.h,unknown,186,4,0,0,0,0,0,0,0,0,0,0,0,0,0
indra/llmessage/llexperiencecache.h,network,185,7,0,0,0,0,0,0,0,0,0,0,0,0,0
indra/newview/llfloaterchatmentionpicker.cpp,ui,185,6,0,0,0,0,0,0,0,0,0,0,0,0,0
indra/newview/llpaneldirplaces.cpp,ui,185,17,0,0,0,0,0,0,0,0,0,0,0,0,0
indra/llui/lltextbox.cpp,unknown,185,7,0,0,0,0,0,0,0,0,0,0,0,0,0
indra/llmessage/llnamevalue.h,network,184,4,0,0,0,0,0,0,0,0,0,0,0,0,0
indra/test/llpipeutil.cpp,unknown,184,10,0,0,0,0,0,0,0,0,0,0,0,0,0
indra/newview/llpaneltopinfobar.h,ui,184,2,0,0,0,0,0,0,0,0,0,0,0,0,0
indra/newview/fsscrolllistctrl.cpp,viewer.misc,184,3,0,0,0,0,0,0,0,0,0,0,0,0,0
indra/llinventory/lluserrelations.h,unknown,184,2,0,0,0,0,0,0,0,0,0,0,0,0,0
indra/test/namedtempfile.h,unknown,183,11,0,0,0,0,0,0,0,0,0,0,0,0,0
indra/newview/llagentaccess.cpp,viewer.misc,183,4,0,0,0,0,0,0,0,0,0,0,0,0,0
indra/llmath/llvector4a.cpp,unknown,183,4,0,0,0,0,0,0,0,0,0,0,0,0,0
indra/newview/utilitybar.cpp,viewer.misc,182,7,0,0,0,0,0,0,0,0,0,0,0,0,0
indra/newview/lltoolgun.cpp,viewer.misc,181,18,0,0,0,0,0,0,0,0,0,0,0,0,0
indra/llui/llbadge.h,unknown,181,7,0,0,0,0,0,0,0,0,0,0,0,0,0
indra/llui/llviewmodel.cpp,unknown,181,2,0,0,0,0,0,0,0,0,0,0,0,0,0
indra/newview/llfloaterpathfindingobjects.h,ui,180,11,0,0,0,0,0,0,0,0,0,0,0,0,0
indra/newview/lllocationhistory.cpp,viewer.misc,180,6,0,0,0,0,0,0,0,0,0,0,0,0,0
indra/newview/llmanipscale.h,viewer.misc,180,6,0,0,0,0,0,0,0,0,0,0,0,0,0
indra/llinventory/llcategory.cpp,unknown,180,3,0,0,0,0,0,0,0,0,0,0,0,0,0
indra/llappearance/llviewervisualparam.cpp,unknown,180,4,0,0,0,0,0,0,0,0,0,0,0,0,0
indra/llmessage/tests/llcoproceduremanager_test.cpp,network,180,10,0,0,0,0,0,0,0,0,0,0,0,0,0
indra/newview/res/resource.h,viewer.misc,180,0,0,0,0,0,0,0,0,0,0,0,0,0,0
indra/llui/tests/llurlentry_stub.cpp,unknown,180,8,0,0,0,0,0,0,0,0,0,0,0,0,0
indra/newview/llsearchableui.cpp,viewer.misc,179,5,0,0,0,0,0,0,0,0,0,0,0,0,0
indra/newview/llpanelclassified.h,ui,179,5,0,0,0,0,0,0,0,0,0,0,0,0,0
indra/llcharacter/llmotion.cpp,unknown,179,3,0,0,0,0,0,0,0,0,0,0,0,0,0
indra/llcommon/llqueuedthread.h,core,179,8,0,0,0,0,0,0,0,0,0,0,0,0,0
indra/llmath/llbbox.cpp,unknown,179,3,0,0,0,0,0,0,0,0,0,0,0,0,0
indra/newview/llkeyconflict.h,viewer.misc,178,2,0,0,0,0,0,0,0,0,0,0,0,0,0
indra/llimage/llimagepng.cpp,unknown,178,7,0,0,0,0,0,0,0,0,0,0,0,0,0
indra/llcommon/llassettype.h,core,178,1,0,0,0,0,0,0,0,0,0,0,0,0,0
indra/newview/llfirstuse.cpp,viewer.misc,177,9,0,0,0,0,0,0,0,0,0,0,0,0,0
indra/newview/kokuarlvfloaters.h,viewer.misc,177,6,0,0,0,0,0,0,0,0,0,0,0,0,0
indra/newview/llviewerparcelmediaautoplay.cpp,viewer.misc,177,13,0,0,0,0,0,0,0,0,0,0,0,0,0
indra/llcharacter/lljointsolverrp3.h,unknown,177,1,0,0,0,0,0,0,0,0,0,0,0,0,0
indra/llcorehttp/_httppolicy.h,unknown,177,7,0,0,0,0,0,0,0,0,0,0,0,0,0
indra/llmessage/llhost.cpp,network,176,9,0,0,0,0,0,0,0,0,0,0,0,0,0
indra/newview/llavatarrendernotifier.h,world.avatar,176,1,0,0,0,0,0,0,0,0,0,0,0,0,0
indra/newview/llpaneleditsky.h,ui,176,3,0,0,0,0,0,0,0,0,0,0,0,0,0
indra/newview/llpanellandmarks.h,ui,176,5,0,0,0,0,0,0,0,0,0,0,0,0,0
indra/llcommon/llinitdestroyclass.h,core,176,5,0,0,0,0,0,0,0,0,0,0,0,0,0
indra/llcommon/llsys.h,core,176,4,0,0,0,0,0,0,0,0,0,0,0,0,0
indra/llfilesystem/lldiskcache.h,unknown,176,1,0,0,0,0,0,0,0,0,0,0,0,0,0
indra/llui/llsliderctrl.h,unknown,176,6,0,0,0,0,0,0,0,0,0,0,0,0,0
indra/llmessage/lltransfersourcefile.cpp,network,175,6,0,0,0,0,0,0,0,0,0,0,0,0,0
indra/llaudio/llwindgen.h,unknown,175,2,0,0,0,0,0,0,0,0,0,0,0,0,0
indra/newview/lltoolobjpicker.cpp,viewer.misc,175,15,0,0,0,0,0,0,0,0,0,0,0,0,0
indra/newview/llfloaternotificationstabbed.h,ui,175,7,0,0,0,0,0,0,0,0,0,0,0,0,0
indra/llcharacter/llkeyframewalkmotion.h,unknown,175,3,0,0,0,0,0,0,0,0,0,0,0,0,0
indra/llcommon/llrun.cpp,core,175,3,0,0,0,0,0,0,0,0,0,0,0,0,0
indra/llmath/llcoordframe.h,unknown,175,3,0,0,0,0,0,0,0,0,0,0,0,0,0
indra/llui/llundo.cpp,unknown,175,2,0,0,0,0,0,0,0,0,0,0,0,0,0
indra/llcorehttp/tests/test_allocator.cpp,unknown,175,10,0,0,0,0,0,0,0,0,0,0,0,0,0
indra/test/llservicebuilder_tut.cpp,unknown,174,5,0,0,0,0,0,0,0,0,0,0,0,0,0
indra/newview/llviewerstatsrecorder.h,viewer.misc,174,3,0,0,0,0,0,0,0,0,0,0,0,0,0
indra/llui/llmultisliderctrl.h,unknown,174,5,0,0,0,0,0,0,0,0,0,0,0,0,0
indra/llui/llcheckboxctrl.h,unknown,174,4,0,0,0,0,0,0,0,0,0,0,0,0,0
indra/newview/tests/llviewercontrollistener_test.cpp,viewer.misc,174,6,0,0,0,0,0,0,0,0,0,0,0,0,0
indra/llmessage/llioutil.h,network,173,3,0,0,0,0,0,0,0,0,0,0,0,0,0
indra/test/lltut.h,unknown,173,5,0,0,0,0,0,0,0,0,0,0,0,0,0
indra/newview/llfloatersavecamerapreset.cpp,ui,173,14,0,0,0,0,0,0,0,0,0,0,0,0,0
indra/newview/lggcontactsets.h,viewer.misc,173,5,0,0,0,0,0,0,0,0,0,0,0,0,0
indra/newview/daeexport.h,viewer.misc,173,4,0,0,0,0,0,0,0,0,0,0,0,0,0
indra/llimage/llimagej2c.h,unknown,173,3,0,0,0,0,0,0,0,0,0,0,0,0,0
indra/llui/llscrolllistcolumn.h,unknown,173,4,0,0,0,0,0,0,0,0,0,0,0,0,0
indra/newview/llpanelplaces.h,ui,172,2,0,0,0,0,0,0,0,0,0,0,0,0,0
indra/newview/llpanelavatar.h,ui,172,3,0,0,0,0,0,0,0,0,0,0,0,0,0
indra/newview/llnavigationbar.h,viewer.misc,172,4,0,0,0,0,0,0,0,0,0,0,0,0,0
indra/newview/llpanelpresetspulldown.cpp,ui,172,13,0,0,0,0,0,0,0,0,0,0,0,0,0
indra/llcorehttp/_httpinternal.h,unknown,172,0,0,0,0,0,0,0,0,0,0,0,0,0,0
indra/llmessage/lldispatcher.cpp,network,171,6,0,0,0,0,0,0,0,0,0,0,0,0,0
indra/newview/exogroupmutelist.cpp,viewer.misc,171,11,0,0,0,0,0,0,0,0,0,0,0,0,0
indra/newview/lloutputmonitorctrl.h,viewer.misc,171,4,0,0,0,0,0,0,0,0,0,0,0,0,0
indra/newview/llsidepaneltaskinfo.h,viewer.misc,171,3,0,0,0,0,0,0,0,0,0,0,0,0,0
indra/newview/llpreviewgesture.h,viewer.misc,171,3,0,0,0,0,0,0,0,0,0,0,0,0,0
indra/newview/llfloaterprofile.cpp,ui,171,6,0,0,0,0,0,0,0,0,0,0,0,0,0
indra/newview/llpanelgroupnotices.h,ui,171,3,0,0,0,0,0,0,0,0,0,0,0,0,0
indra/llcharacter/lltargetingmotion.cpp,unknown,171,5,0,0,0,0,0,0,0,0,0,0,0,0,0
indra/llui/llscrollbar.h,unknown,171,4,0,0,0,0,0,0,0,0,0,0,0,0,0
indra/newview/llsecapi.cpp,viewer.misc,170,8,0,0,0,0,0,0,0,0,0,0,0,0,0
indra/newview/lltransientfloatermgr.cpp,viewer.misc,170,7,0,0,0,0,0,0,0,0,0,0,0,0,0
indra/llcharacter/llkeyframemotionparam.h,unknown,170,6,0,0,0,0,0,0,0,0,0,0,0,0,0
indra/llimage/tests/llimageworker_test.cpp,unknown,170,5,0,0,0,0,0,0,0,0,0,0,0,0,0
indra/newview/lltoastnotifypanel.h,viewer.misc,169,8,0,0,0,0,0,0,0,0,0,0,0,0,0
indra/newview/llvlmanager.cpp,viewer.misc,169,9,0,0,0,0,0,0,0,0,0,0,0,0,0
indra/llinventory/lltransactionflags.cpp,unknown,169,4,0,0,0,0,0,0,0,0,0,0,0,0,0
indra/newview/ao.h,viewer.misc,168,3,0,0,0,0,0,0,0,0,0,0,0,0,0
indra/newview/fsexportperms.cpp,viewer.misc,168,9,0,0,0,0,0,0,0,0,0,0,0,0,0
indra/newview/llbuycurrencyhtml.cpp,viewer.misc,168,8,0,0,0,0,0,0,0,0,0,0,0,0,0
indra/newview/llpaneldirbrowser.h,ui,168,2,0,0,0,0,0,0,0,0,0,0,0,0,0
indra/newview/llfriendcard.h,viewer.misc,167,2,0,0,0,0,0,0,0,0,0,0,0,0,0
indra/newview/llviewermenufile.h,viewer.misc,167,8,0,0,0,0,0,0,0,0,0,0,0,0,0
indra/newview/llmorphview.cpp,viewer.misc,167,16,0,0,0,0,0,0,0,0,0,0,0,0,0
indra/llcommon/llptrto.h,core,167,6,0,0,0,0,0,0,0,0,0,0,0,0,0
indra/newview/app_settings/shaders/class1/deferred/skyV.glsl,viewer.misc,167,0,0,0,0,0,0,0,0,0,0,0,0,0,0
indra/llmessage/llinstantmessage.cpp,network,166,11,0,0,0,0,0,0,0,0,0,0,0,0,0
indra/newview/llinspect.cpp,viewer.misc,166,6,0,0,0,0,0,0,0,0,0,0,0,0,0
indra/newview/lltoolface.cpp,viewer.misc,166,11,0,0,0,0,0,0,0,0,0,0,0,0,0
indra/newview/llpanelvoiceeffect.cpp,ui,166,9,0,0,0,0,0,0,0,0,0,0,0,0,0
indra/newview/llnotificationscripthandler.cpp,viewer.misc,166,11,0,0,0,0,0,0,0,0,0,0,0,0,0
indra/newview/llmanip.h,viewer.misc,166,1,0,0,0,0,0,0,0,0,0,0,0,0,0
indra/newview/llpanelsnapshotinventory.cpp,ui,166,11,0,0,0,0,0,0,0,0,0,0,0,0,0
indra/llcommon/llstacktrace.cpp,core,166,6,0,0,0,0,0,0,0,0,0,0,0,0,0
indra/llcommon/llheartbeat.cpp,core,166,5,0,0,0,0,0,0,0,0,0,0,0,0,0
indra/llappearance/lltexglobalcolor.cpp,unknown,166,4,0,0,0,0,0,0,0,0,0,0,0,0,0
indra/newview/gltf/animation.h,viewer.misc,166,1,0,0,0,0,0,0,0,0,0,0,0,0,0
indra/newview/app_settings/shaders/class1/windlight/atmosphericsFuncs.glsl,viewer.misc,166,0,0,0,0,0,0,0,0,0,0,0,0,0,0
indra/newview/llpreview.h,viewer.misc,165,7,0,0,0,0,0,0,0,0,0,0,0,0,0
indra/newview/llmaterialmgr.h,viewer.misc,165,6,0,0,0,0,0,0,0,0,0,0,0,0,0
indra/test/llpipeutil.h,unknown,164,1,0,0,0,0,0,0,0,0,0,0,0,0,0
indra/newview/lltoolpie.h,viewer.misc,164,4,0,0,0,0,0,0,0,0,0,0,0,0,0
indra/llcommon/llthread.h,core,164,4,0,0,0,0,0,0,0,0,0,0,0,0,0
indra/llcommon/lleventapi.h,core,164,3,0,0,0,0,0,0,0,0,0,0,0,0,0
indra/llcommon/llmetrics.cpp,core,164,5,0,0,0,0,0,0,0,0,0,0,0,0,0
indra/llmath/llsdutil_math.cpp,unknown,164,12,0,0,0,0,0,0,0,0,0,0,0,0,0
indra/llui/llstatgraph.h,unknown,164,4,0,0,0,0,0,0,0,0,0,0,0,0,0
indra/llcommon/tests/llheteromap_test.cpp,core,164,4,0,0,0,0,0,0,0,0,0,0,0,0,0
indra/test/llapp_tut.cpp,unknown,163,4,0,0,0,0,0,0,0,0,0,0,0,0,0
indra/test/llhttpdate_tut.cpp,unknown,163,7,0,0,0,0,0,0,0,0,0,0,0,0,0
indra/newview/lluploaddialog.cpp,viewer.misc,163,11,0,0,0,0,0,0,0,0,0,0,0,0,0
indra/newview/llflyoutcombobtn.cpp,viewer.misc,163,3,0,0,0,0,0,0,0,0,0,0,0,0,0
indra/llcorehttp/_httprequestqueue.cpp,unknown,163,3,0,0,0,0,0,0,0,0,0,0,0,0,0
indra/llmath/llcalc.cpp,unknown,163,4,0,0,0,0,0,0,0,0,0,0,0,0,0
indra/llui/lluistring.cpp,unknown,163,5,0,0,0,0,0,0,0,0,0,0,0,0,0
indra/llui/llvirtualtrackball.h,unknown,163,4,0,0,0,0,0,0,0,0,0,0,0,0,0
indra/llui/llfloaterreg.h,ui,163,4,0,0,0,0,0,0,0,0,0,0,0,0,0
indra/newview/app_settings/shaders/class1/deferred/rlvFLegacy.glsl,viewer.misc,163,0,0,0,0,0,0,0,0,0,0,0,0,0,0
indra/newview/llcommandlineparser.h,viewer.misc,162,1,0,0,0,0,0,0,0,0,0,0,0,0,0
indra/newview/llfloatergotoline.cpp,ui,162,7,0,0,0,0,0,0,0,0,0,0,0,0,0
indra/newview/llfloatercamerapresets.cpp,ui,162,7,0,0,0,0,0,0,0,0,0,0,0,0,0
indra/newview/llaisapi.h,viewer.misc,162,7,0,0,0,0,0,0,0,0,0,0,0,0,0
indra/llcommon/llrun.h,core,162,1,0,0,0,0,0,0,0,0,0,0,0,0,0
indra/llmath/llrigginginfo.cpp,unknown,162,3,0,0,0,0,0,0,0,0,0,0,0,0,0
indra/llmath/v3color.cpp,unknown,162,4,0,0,0,0,0,0,0,0,0,0,0,0,0
indra/llui/llconsole.h,unknown,162,4,0,0,0,0,0,0,0,0,0,0,0,0,0
indra/llui/llmultislider.h,unknown,162,2,0,0,0,0,0,0,0,0,0,0,0,0,0
indra/llui/llfocusmgr.h,unknown,161,3,0,0,0,0,0,0,0,0,0,0,0,0,0
indra/llmessage/tests/lltemplatemessagedispatcher_test.cpp,network,161,9,0,0,0,0,0,0,0,0,0,0,0,0,0
indra/newview/tests/llviewerhelputil_test.cpp,viewer.misc,161,7,0,0,0,0,0,0,0,0,0,0,0,0,0
indra/newview/llblocklist.h,viewer.misc,160,4,0,0,0,0,0,0,0,0,0,0,0,0,0
indra/newview/llnotificationalerthandler.cpp,viewer.misc,160,11,0,0,0,0,0,0,0,0,0,0,0,0,0
indra/newview/llgesturelistener.cpp,viewer.misc,160,4,0,0,0,0,0,0,0,0,0,0,0,0,0
indra/newview/llvoicevisualizer.h,viewer.misc,160,1,0,0,0,0,0,0,0,0,0,0,0,0,0
indra/newview/fsfloateraddtocontactset.cpp,viewer.misc,160,4,0,0,0,0,0,0,0,0,0,0,0,0,0
indra/newview/lltoolgrab.h,viewer.misc,160,6,0,0,0,0,0,0,0,0,0,0,0,0,0
indra/newview/llsearchhistory.cpp,viewer.misc,160,5,0,0,0,0,0,0,0,0,0,0,0,0,0
indra/newview/llvisualeffect.cpp,viewer.misc,160,4,0,0,0,0,0,0,0,0,0,0,0,0,0
indra/newview/llfloatergroupinvite.cpp,ui,160,7,0,0,0,0,0,0,0,0,0,0,0,0,0
indra/llinventory/llinventorytype.h,unknown,160,1,0,0,0,0,0,0,0,0,0,0,0,0,0
indra/win_crash_logger/llcrashlookupwindows.cpp,unknown,160,4,0,0,0,0,0,0,0,0,0,0,0,0,0
indra/llcommon/lldate.h,core,160,4,0,0,0,0,0,0,0,0,0,0,0,0,0
indra/llcommon/llrefcount.h,core,160,2,0,0,0,0,0,0,0,0,0,0,0,0,0
indra/newview/llparticipantlist.h,viewer.misc,159,2,0,0,0,0,0,0,0,0,0,0,0,0,0
indra/newview/pieslice.cpp,viewer.misc,159,2,0,0,0,0,0,0,0,0,0,0,0,0,0
indra/newview/llnotificationstorage.cpp,viewer.misc,159,13,0,0,0,0,0,0,0,0,0,0,0,0,0
indra/newview/llfloaterscriptlimits.h,ui,159,7,0,0,0,0,0,0,0,0,0,0,0,0,0
indra/newview/llappearancelistener.cpp,viewer.misc,159,7,0,0,0,0,0,0,0,0,0,0,0,0,0
indra/llui/llchatmentionhelper.cpp,unknown,159,5,0,0,0,0,0,0,0,0,0,0,0,0,0
indra/newview/app_settings/shaders/class3/deferred/pointLightF.glsl,viewer.misc,159,0,0,0,0,0,0,0,0,0,0,0,0,0,0
indra/newview/app_settings/shaders/class1/deferred/pbralphaV.glsl,viewer.misc,159,0,0,0,0,0,0,0,0,0,0,0,0,0,0
indra/newview/SMAASearchTex.h,viewer.misc,158,0,0,0,0,0,0,0,0,0,0,0,0,0,0
indra/llui/llscrollcontainer.h,unknown,158,4,0,0,0,0,0,0,0,0,0,0,0,0,0
indra/llcorehttp/tests/test_httprequestqueue.hpp,unknown,158,3,0,0,0,0,0,0,0,0,0,0,0,0,0
indra/test/lluserrelations_tut.cpp,unknown,157,3,0,0,0,0,0,0,0,0,0,0,0,0,0
indra/newview/fsfloaterexport.h,viewer.misc,157,6,0,0,0,0,0,0,0,0,0,0,0,0,0
indra/newview/lltoastscripttextbox.cpp,viewer.misc,157,9,0,0,0,0,0,0,0,0,0,0,0,0,0
indra/newview/llflexibleobject.h,viewer.misc,157,3,0,0,0,0,0,0,0,0,0,0,0,0,0
indra/newview/fskeywords.cpp,viewer.misc,157,10,0,0,0,0,0,0,0,0,0,0,0,0,0
indra/llinventory/llsettingsdaycycle.h,unknown,157,1,0,0,0,0,0,0,0,0,0,0,0,0,0
indra/llmeshoptimizer/llmeshoptimizer.h,unknown,157,1,0,0,0,0,0,0,0,0,0,0,0,0,0
indra/llui/llfloaterreglistener.cpp,ui,157,5,0,0,0,0,0,0,0,0,0,0,0,0,0
indra/newview/llfloaterhoverheight.cpp,ui,156,8,0,0,0,0,0,0,0,0,0,0,0,0,0
indra/newview/lltracker.h,viewer.misc,156,4,0,0,0,0,0,0,0,0,0,0,0,0,0
indra/llcommon/llsimplehash.h,core,156,1,0,0,0,0,0,0,0,0,0,0,0,0,0
indra/llui/llclipboard.cpp,unknown,156,7,0,0,0,0,0,0,0,0,0,0,0,0,0
indra/llmessage/llhost.h,network,155,3,0,0,0,0,0,0,0,0,0,0,0,0,0
indra/newview/llfloaterhelpbrowser.cpp,ui,155,13,0,0,0,0,0,0,0,0,0,0,0,0,0
indra/llcorehttp/_refcounted.h,unknown,155,4,0,0,0,0,0,0,0,0,0,0,0,0,0
indra/llmessage/tests/llpartdata_test.cpp,network,155,7,0,0,0,0,0,0,0,0,0,0,0,0,0
indra/llxml/tests/llcontrol_test.cpp,unknown,155,8,0,0,0,0,0,0,0,0,0,0,0,0,0
indra/llmessage/llmessagethrottle.cpp,network,154,4,0,0,0,0,0,0,0,0,0,0,0,0,0
indra/llprimitive/llmaterial.h,unknown,154,5,0,0,0,0,0,0,0,0,0,0,0,0,0
indra/newview/llsyswellwindow.h,viewer.misc,154,6,0,0,0,0,0,0,0,0,0,0,0,0,0
indra/newview/llfloatersimplesnapshot.h,ui,154,3,0,0,0,0,0,0,0,0,0,0,0,0,0
indra/newview/llconversationloglist.h,viewer.misc,154,3,0,0,0,0,0,0,0,0,0,0,0,0,0
indra/newview/fsfloaterimport.h,viewer.misc,154,7,0,0,0,0,0,0,0,0,0,0,0,0,0
indra/llcommon/llrand.cpp,core,154,3,0,0,0,0,0,0,0,0,0,0,0,0,0
indra/llcorehttp/bufferstream.h,unknown,154,3,0,0,0,0,0,0,0,0,0,0,0,0,0
indra/newview/app_settings/shaders/class1/deferred/rlvF.glsl,viewer.misc,154,0,0,0,0,0,0,0,0,0,0,0,0,0,0
indra/llmessage/llcachename.h,network,153,2,0,0,0,0,0,0,0,0,0,0,0,0,0
indra/llmessage/llbufferstream.h,network,153,3,0,0,0,0,0,0,0,0,0,0,0,0,0
indra/newview/lloutfitobserver.cpp,viewer.misc,153,5,0,0,0,0,0,0,0,0,0,0,0,0,0
indra/newview/llchathistory.h,viewer.misc,153,3,0,0,0,0,0,0,0,0,0,0,0,0,0
indra/newview/llpanelpresetscamerapulldown.cpp,ui,153,13,0,0,0,0,0,0,0,0,0,0,0,0,0
indra/newview/llinspecttoast.cpp,viewer.misc,153,7,0,0,0,0,0,0,0,0,0,0,0,0,0
indra/llinventory/llfoldertype.h,unknown,153,4,0,0,0,0,0,0,0,0,0,0,0,0,0
indra/llcommon/llsdjson.cpp,core,153,6,0,0,0,0,0,0,0,0,0,0,0,0,0
indra/llmath/llquantize.h,unknown,153,0,0,0,0,0,0,0,0,0,0,0,0,0,0
indra/llui/lldockablefloater.h,unknown,153,4,0,0,0,0,0,0,0,0,0,0,0,0,0
indra/llcommon/tests/listener.h,core,153,4,0,0,0,0,0,0,0,0,0,0,0,0,0
indra/newview/llviewercamera.h,viewer.misc,152,7,0,0,0,0,0,0,0,0,0,0,0,0,0
indra/newview/llfasttimerview.h,viewer.misc,152,5,0,0,0,0,0,0,0,0,0,0,0,0,0
indra/newview/llpanelvolume.h,ui,152,4,0,0,0,0,0,0,0,0,0,0,0,0,0
indra/llcommon/llframetimer.h,core,152,1,0,0,0,0,0,0,0,0,0,0,0,0,0
indra/llmessage/llsdhttpserver.cpp,network,151,3,0,0,0,0,0,0,0,0,0,0,0,0,0
indra/newview/llgroupactions.h,viewer.misc,151,2,0,0,0,0,0,0,0,0,0,0,0,0,0
indra/llcharacter/llkeyframefallmotion.cpp,unknown,151,4,0,0,0,0,0,0,0,0,0,0,0,0,0
indra/llcommon/llframetimer.cpp,core,151,3,0,0,0,0,0,0,0,0,0,0,0,0,0
indra/llui/llscrolllistitem.h,unknown,151,7,0,0,0,0,0,0,0,0,0,0,0,0,0
indra/newview/tests/lltexturestatsuploader_test.cpp,assets.texture,151,4,0,0,0,0,0,0,0,0,0,0,0,0,0
indra/llrender/lluiimage.h,render.legacy_low_level,150,10,0,0,0,0,0,0,0,0,0,0,0,0,0
indra/newview/llnotificationtiphandler.cpp,viewer.misc,150,12,0,0,0,0,0,0,0,0,0,0,0,0,0
indra/newview/lltoastscriptquestion.cpp,viewer.misc,150,4,0,0,0,0,0,0,0,0,0,0,0,0,0
indra/newview/llfloatereditenvironmentbase.h,ui,150,5,0,0,0,0,0,0,0,0,0,0,0,0,0
indra/llcommon/llcommon.cpp,core,150,7,0,0,0,0,0,0,0,0,0,0,0,0,0
indra/newview/llpaneldirweb.cpp,ui,149,8,0,0,0,0,0,0,0,0,0,0,0,0,0
indra/llkdu/llkdumem.h,unknown,149,9,0,0,0,0,0,0,0,0,0,0,0,0,0
indra/test/message_tut.cpp,unknown,148,9,0,0,0,0,0,0,0,0,0,0,0,0,0
indra/newview/llurlhistory.cpp,viewer.misc,148,4,0,0,0,0,0,0,0,0,0,0,0,0,0
indra/llcharacter/llstatemachine.h,unknown,148,3,0,0,0,0,0,0,0,0,0,0,0,0,0
indra/llaudio/llaudioengine_fmodstudio.h,unknown,147,2,0,0,0,0,0,0,0,0,0,0,0,0,0
indra/llcorehttp/_httpopsetget.cpp,unknown,147,5,0,0,0,0,0,0,0,0,0,0,0,0,0
indra/llmath/v3dmath.cpp,unknown,147,7,0,0,0,0,0,0,0,0,0,0,0,0,0
indra/llui/lluiusage.cpp,unknown,147,3,0,0,0,0,0,0,0,0,0,0,0,0,0
indra/llcommon/tests/lltrace_test.cpp,core,147,5,0,0,0,0,0,0,0,0,0,0,0,0,0
indra/newview/llpathfindingnavmeshstatus.cpp,viewer.misc,146,6,0,0,0,0,0,0,0,0,0,0,0,0,0
indra/newview/llpaneloutfitsinventory.h,ui,146,1,0,0,0,0,0,0,0,0,0,0,0,0,0
indra/newview/llinventorymodelbackgroundfetch.h,viewer.misc,146,7,0,0,0,0,0,0,0,0,0,0,0,0,0
indra/llimage/llimagedimensionsinfo.h,unknown,146,1,0,0,0,0,0,0,0,0,0,0,0,0,0
indra/llcommon/llpriqueuemap.h,core,146,1,0,0,0,0,0,0,0,0,0,0,0,0,0
indra/llcommon/llalignedarray.h,core,146,1,0,0,0,0,0,0,0,0,0,0,0,0,0
indra/llrender/llfontregistry.h,render.legacy_low_level,145,1,0,0,0,0,0,0,0,0,0,0,0,0,0
indra/newview/llgroupiconctrl.cpp,viewer.misc,145,4,0,0,0,0,0,0,0,0,0,0,0,0,0
indra/newview/llpanelmarketplaceinboxinventory.h,ui,145,3,0,0,0,0,0,0,0,0,0,0,0,0,0
indra/newview/llphysicsshapebuilderutil.h,viewer.misc,145,2,0,0,0,0,0,0,0,0,0,0,0,0,0
indra/newview/llgrouplist.h,viewer.misc,145,7,0,0,0,0,0,0,0,0,0,0,0,0,0
indra/newview/app_settings/shaders/class1/environment/waterFogF.glsl,viewer.misc,145,0,0,0,0,0,0,0,0,0,0,0,0,0,0
indra/llcommon/tests/llallocator_heap_profile_test.cpp,core,145,2,0,0,0,0,0,0,0,0,0,0,0,0,0
indra/llcommon/tests/classic_callback_test.cpp,core,145,5,0,0,0,0,0,0,0,0,0,0,0,0,0
indra/newview/llfolderviewmodelinventory.h,viewer.misc,144,4,0,0,0,0,0,0,0,0,0,0,0,0,0
indra/newview/llfloaterpathfindinglinksets.h,ui,144,5,0,0,0,0,0,0,0,0,0,0,0,0,0
indra/newview/llemote.cpp,viewer.misc,144,5,0,0,0,0,0,0,0,0,0,0,0,0,0
indra/newview/llavatariconctrl.h,world.avatar,144,3,0,0,0,0,0,0,0,0,0,0,0,0,0
indra/newview/llappviewerlinux_api.h,viewer.misc,144,2,0,0,0,0,0,0,0,0,0,0,0,0,0
indra/llcommon/llsdparam.h,core,144,3,0,0,0,0,0,0,0,0,0,0,0,0,0
indra/llcorehttp/_httprequestqueue.h,unknown,144,4,0,0,0,0,0,0,0,0,0,0,0,0,0
indra/llcorehttp/httpoptions.cpp,unknown,144,3,0,0,0,0,0,0,0,0,0,0,0,0,0
indra/llwindow/llkeyboard.h,unknown,144,4,0,0,0,0,0,0,0,0,0,0,0,0,0
indra/newview/app_settings/shaders/class1/deferred/pbropaqueV.glsl,viewer.misc,144,0,0,0,0,0,0,0,0,0,0,0,0,0,0
indra/newview/llsearchhistory.h,viewer.misc,143,3,0,0,0,0,0,0,0,0,0,0,0,0,0
indra/newview/llfloaterchangeitemthumbnail.h,ui,143,3,0,0,0,0,0,0,0,0,0,0,0,0,0
indra/llui/llstyle.h,unknown,143,4,0,0,0,0,0,0,0,0,0,0,0,0,0
indra/llmessage/tests/lltrustedmessageservice_test.cpp,network,143,8,0,0,0,0,0,0,0,0,0,0,0,0,0
indra/newview/fsfloaterposestand.cpp,viewer.misc,142,8,0,0,0,0,0,0,0,0,0,0,0,0,0
indra/newview/aoset.h,viewer.misc,142,1,0,0,0,0,0,0,0,0,0,0,0,0,0
indra/newview/llinventoryitemslist.h,viewer.misc,142,1,0,0,0,0,0,0,0,0,0,0,0,0,0
indra/newview/llviewertexteditor.h,viewer.misc,142,1,0,0,0,0,0,0,0,0,0,0,0,0,0
indra/llcharacter/llpose.h,unknown,142,5,0,0,0,0,0,0,0,0,0,0,0,0,0
indra/llimage/llimagedxt.h,unknown,142,2,0,0,0,0,0,0,0,0,0,0,0,0,0
indra/llcommon/threadpool.h,core,142,7,0,0,0,0,0,0,0,0,0,0,0,0,0
indra/llcommon/llstreamtools.h,core,142,4,0,0,0,0,0,0,0,0,0,0,0,0,0
indra/llmessage/tests/commtest.h,network,142,10,0,0,0,0,0,0,0,0,0,0,0,0,0
indra/newview/app_settings/shaders/class1/deferred/genbrdflutF.glsl,viewer.misc,142,0,0,0,0,0,0,0,0,0,0,0,0,0,0
indra/llmath/tests/alignment_test.cpp,unknown,142,5,0,0,0,0,0,0,0,0,0,0,0,0,0
indra/llaudio/lllistener_fmodex.cpp,unknown,141,4,0,0,0,0,0,0,0,0,0,0,0,0,0
indra/newview/llviewerhelp.cpp,viewer.misc,141,10,0,0,0,0,0,0,0,0,0,0,0,0,0
indra/newview/lllocationhistory.h,viewer.misc,141,5,0,0,0,0,0,0,0,0,0,0,0,0,0
indra/llcorehttp/bufferarray.h,unknown,141,3,0,0,0,0,0,0,0,0,0,0,0,0,0
indra/llappearance/llavatarjoint.h,world.avatar,141,2,0,0,0,0,0,0,0,0,0,0,0,0,0
indra/llfilesystem/lllfsthread.h,unknown,141,6,0,0,0,0,0,0,0,0,0,0,0,0,0
indra/llmessage/llavatarname.h,world.avatar,140,1,0,0,0,0,0,0,0,0,0,0,0,0,0
indra/newview/llsidepanelinventorysubpanel.cpp,viewer.misc,140,13,0,0,0,0,0,0,0,0,0,0,0,0,0
indra/newview/llviewerprecompiledheaders.h,viewer.misc,140,84,0,0,0,0,0,0,0,0,0,0,0,0,0
indra/llcharacter/llhandmotion.h,unknown,140,2,0,0,0,0,0,0,0,0,0,0,0,0,0
indra/llappearance/lldriverparam.h,unknown,140,3,0,0,0,0,0,0,0,0,0,0,0,0,0
indra/llui/lldraghandle.h,unknown,140,4,0,0,0,0,0,0,0,0,0,0,0,0,0
indra/newview/tests/llremoteparcelrequest_test.cpp,viewer.misc,140,7,0,0,0,0,0,0,0,0,0,0,0,0,0
indra/newview/app_settings/shaders/class1/deferred/avatarV.glsl,world.avatar,140,0,0,0,0,0,0,0,0,0,0,0,0,0,0
indra/newview/app_settings/shaders/class1/deferred/alphaV.glsl,viewer.misc,140,0,0,0,0,0,0,0,0,0,0,0,0,0,0
indra/newview/llfloaterfixedenvironment.h,ui,139,5,0,0,0,0,0,0,0,0,0,0,0,0,0
indra/newview/llpathfindingmanager.h,viewer.misc,139,10,0,0,0,0,0,0,0,0,0,0,0,0,0
indra/newview/lldebugview.cpp,viewer.misc,139,13,0,0,0,0,0,0,0,0,0,0,0,0,0
indra/newview/llpathfindingpathtool.h,viewer.misc,139,5,0,0,0,0,0,0,0,0,0,0,0,0,0
indra/newview/llcofwearables.h,viewer.misc,139,4,0,0,0,0,0,0,0,0,0,0,0,0,0
indra/newview/llpreviewnotecard.h,viewer.misc,139,5,0,0,0,0,0,0,0,0,0,0,0,0,0
indra/newview/llsettingspicker.h,viewer.misc,139,7,0,0,0,0,0,0,0,0,0,0,0,0,0
indra/llcommon/lltempredirect.cpp,core,139,4,0,0,0,0,0,0,0,0,0,0,0,0,0
indra/llappearance/llwearable.h,unknown,139,4,0,0,0,0,0,0,0,0,0,0,0,0,0
indra/llui/llfunctorregistry.h,unknown,139,4,0,0,0,0,0,0,0,0,0,0,0,0,0
indra/llplugin/llpluginmessage.h,unknown,138,1,0,0,0,0,0,0,0,0,0,0,0,0,0
indra/newview/llfloaterbulkupload.cpp,ui,138,5,0,0,0,0,0,0,0,0,0,0,0,0,0
indra/newview/fsfloatercontactsetconfiguration.cpp,viewer.misc,138,9,0,0,0,0,0,0,0,0,0,0,0,0,0
indra/llimage/llimagefilter.h,unknown,138,2,0,0,0,0,0,0,0,0,0,0,0,0,0
indra/llcorehttp/llhttpconstants.cpp,unknown,138,4,0,0,0,0,0,0,0,0,0,0,0,0,0
indra/llui/llviewquery.h,unknown,138,3,0,0,0,0,0,0,0,0,0,0,0,0,0
indra/llcommon/tests/llmainthreadtask_test.cpp,core,138,8,0,0,0,0,0,0,0,0,0,0,0,0,0
indra/llaudio/lllistener.cpp,unknown,137,2,0,0,0,0,0,0,0,0,0,0,0,0,0
indra/newview/llviewertexlayer.h,viewer.misc,137,3,0,0,0,0,0,0,0,0,0,0,0,0,0
indra/newview/lltoolpipette.cpp,viewer.misc,137,7,0,0,0,0,0,0,0,0,0,0,0,0,0
indra/newview/llteleporthistorystorage.h,viewer.misc,137,4,0,0,0,0,0,0,0,0,0,0,0,0,0
indra/newview/llviewerattachmenu.cpp,viewer.misc,137,10,0,0,0,0,0,0,0,0,0,0,0,0,0
indra/llmath/llmatrix3a.cpp,unknown,137,2,0,0,0,0,0,0,0,0,0,0,0,0,0
indra/llui/llviewquery.cpp,unknown,137,4,0,0,0,0,0,0,0,0,0,0,0,0,0
indra/llcommon/tests/lazyeventapi_test.cpp,core,137,5,0,0,0,0,0,0,0,0,0,0,0,0,0
indra/llcommon/tests/stringize_test.cpp,core,137,5,0,0,0,0,0,0,0,0,0,0,0,0,0
indra/llmessage/lliobuffer.h,network,136,1,0,0,0,0,0,0,0,0,0,0,0,0,0
indra/llmessage/llchainio.h,network,136,1,0,0,0,0,0,0,0,0,0,0,0,0,0
indra/newview/llattachmentsmgr.h,viewer.misc,136,1,0,0,0,0,0,0,0,0,0,0,0,0,0
indra/newview/llfloaterconversationlog.cpp,ui,136,6,0,0,0,0,0,0,0,0,0,0,0,0,0
indra/newview/llfilteredwearablelist.cpp,viewer.misc,136,7,0,0,0,0,0,0,0,0,0,0,0,0,0
indra/llcharacter/lleditingmotion.h,unknown,136,3,0,0,0,0,0,0,0,0,0,0,0,0,0
indra/llcommon/llrand.h,core,136,2,0,0,0,0,0,0,0,0,0,0,0,0,0
indra/newview/llsculptidsize.h,viewer.misc,135,5,0,0,0,0,0,0,0,0,0,0,0,0,0
indra/newview/llfloatergroupbulkban.cpp,ui,135,5,0,0,0,0,0,0,0,0,0,0,0,0,0
indra/newview/lltrackpicker.cpp,viewer.misc,135,4,0,0,0,0,0,0,0,0,0,0,0,0,0
indra/llinventory/llparcelflags.h,unknown,135,0,0,0,0,0,0,0,0,0,0,0,0,0,0
indra/llappearance/llwearabletype.cpp,unknown,135,4,0,0,0,0,0,0,0,0,0,0,0,0,0
indra/llui/lltrans.h,unknown,135,4,0,0,0,0,0,0,0,0,0,0,0,0,0
indra/newview/llagentpicksinfo.cpp,viewer.misc,134,5,0,0,0,0,0,0,0,0,0,0,0,0,0
indra/newview/llhudeffect.cpp,viewer.misc,134,8,0,0,0,0,0,0,0,0,0,0,0,0,0
indra/newview/llfloaterbvhpreview.h,ui,134,6,0,0,0,0,0,0,0,0,0,0,0,0,0
indra/llxml/llxmlparser.h,unknown,134,2,0,0,0,0,0,0,0,0,0,0,0,0,0
indra/newview/tests/llsecapi_test.cpp,viewer.misc,134,6,0,0,0,0,0,0,0,0,0,0,0,0,0
indra/newview/app_settings/shaders/class1/environment/srgbF.glsl,viewer.misc,134,0,0,0,0,0,0,0,0,0,0,0,0,0,0
indra/newview/lllandmarkactions.h,viewer.misc,133,2,0,0,0,0,0,0,0,0,0,0,0,0,0
indra/newview/llplacesinventorypanel.cpp,viewer.misc,133,10,0,0,0,0,0,0,0,0,0,0,0,0,0
indra/newview/llpanelemojicomplete.h,ui,133,3,0,0,0,0,0,0,0,0,0,0,0,0,0
indra/llmath/llmatrix3a.h,unknown,133,0,0,0,0,0,0,0,0,0,0,0,0,0,0
indra/llmath/v2math.cpp,unknown,133,7,0,0,0,0,0,0,0,0,0,0,0,0,0
indra/llwindow/llwindowheadless.h,unknown,133,1,0,0,0,0,0,0,0,0,0,0,0,0,0
indra/llmessage/lltransfertargetfile.cpp,network,132,3,0,0,0,0,0,0,0,0,0,0,0,0,0
indra/test/llxorcipher_tut.cpp,unknown,132,4,0,0,0,0,0,0,0,0,0,0,0,0,0
indra/newview/llpanellogin.h,ui,132,3,0,0,0,0,0,0,0,0,0,0,0,0,0
indra/newview/llviewergenericmessage.cpp,viewer.misc,132,8,0,0,0,0,0,0,0,0,0,0,0,0,0
indra/newview/lltoolbarview.h,viewer.misc,132,4,0,0,0,0,0,0,0,0,0,0,0,0,0
indra/newview/lltoolmgr.h,viewer.misc,132,1,0,0,0,0,0,0,0,0,0,0,0,0,0
indra/llkdu/llimagej2ckdu.h,unknown,132,8,0,0,0,0,0,0,0,0,0,0,0,0,0
indra/newview/tests/llversioninfo_test.cpp,viewer.misc,132,5,0,0,0,0,0,0,0,0,0,0,0,0,0
indra/newview/app_settings/shaders/class1/deferred/materialV.glsl,viewer.misc,132,0,0,0,0,0,0,0,0,0,0,0,0,0,0
indra/llrender/llfontvertexbuffer.h,render.legacy_low_level,131,1,0,0,0,0,0,0,0,0,0,0,0,0,0
indra/newview/llfloatergroupactions.cpp,ui,131,15,0,0,0,0,0,0,0,0,0,0,0,0,0
indra/newview/llestateinfomodel.h,viewer.misc,130,3,0,0,0,0,0,0,0,0,0,0,0,0,0
indra/newview/llviewerassetstorage.h,viewer.misc,130,2,0,0,0,0,0,0,0,0,0,0,0,0,0
indra/newview/llpanelplaceinfo.h,ui,130,4,0,0,0,0,0,0,0,0,0,0,0,0,0
indra/newview/llsculptidsize.cpp,viewer.misc,130,5,0,0,0,0,0,0,0,0,0,0,0,0,0
indra/llcommon/llunits.h,core,130,2,0,0,0,0,0,0,0,0,0,0,0,0,0
indra/llui/lltimectrl.h,unknown,130,4,0,0,0,0,0,0,0,0,0,0,0,0,0
indra/newview/app_settings/shaders/class1/deferred/skyF.glsl,viewer.misc,130,0,0,0,0,0,0,0,0,0,0,0,0,0,0
indra/newview/app_settings/shaders/class1/deferred/fsr2/fsr2_accumulate.comp.glsl,viewer.misc,130,0,0,0,0,0,0,0,0,0,0,0,0,0,0
indra/media_plugins/base/media_plugin_base.h,unknown,130,4,0,0,0,0,0,0,0,0,0,0,0,0,0
indra/llmessage/llxorcipher.cpp,network,129,3,0,0,0,0,0,0,0,0,0,0,0,0,0
indra/llprimitive/llprimtexturelist.h,assets.texture,129,5,0,0,0,0,0,0,0,0,0,0,0,0,0
indra/newview/llfloaterlinkreplace.h,ui,129,6,0,0,0,0,0,0,0,0,0,0,0,0,0
indra/llmath/llvector4logical.h,unknown,129,1,0,0,0,0,0,0,0,0,0,0,0,0,0
indra/newview/app_settings/shaders/class1/deferred/cloudsF.glsl,viewer.misc,129,0,0,0,0,0,0,0,0,0,0,0,0,0,0
indra/llmessage/lltemplatemessagereader.h,network,128,2,0,0,0,0,0,0,0,0,0,0,0,0,0
indra/llmessage/lliohttpserver.h,network,128,2,0,0,0,0,0,0,0,0,0,0,0,0,0
indra/llaudio/lllistener_fmodstudio.cpp,unknown,128,4,0,0,0,0,0,0,0,0,0,0,0,0,0
indra/newview/llsidepaneliteminfo.h,viewer.misc,128,3,0,0,0,0,0,0,0,0,0,0,0,0,0
indra/newview/llversioninfo.h,viewer.misc,128,4,0,0,0,0,0,0,0,0,0,0,0,0,0
indra/newview/animationexplorer.h,viewer.misc,128,3,0,0,0,0,0,0,0,0,0,0,0,0,0
indra/newview/llpathfindingnavmeshzone.h,viewer.misc,128,7,0,0,0,0,0,0,0,0,0,0,0,0,0
indra/newview/app_settings/shaders/class1/deferred/postDeferredF.glsl,viewer.misc,128,0,0,0,0,0,0,0,0,0,0,0,0,0,0
indra/llmessage/llregionhandle.h,network,127,3,0,0,0,0,0,0,0,0,0,0,0,0,0
indra/llmessage/llsdmessagebuilder.h,network,127,4,0,0,0,0,0,0,0,0,0,0,0,0,0
indra/newview/llpanelobjectinventory.h,ui,127,4,0,0,0,0,0,0,0,0,0,0,0,0,0
indra/newview/llpanelprofileview.h,ui,127,6,0,0,0,0,0,0,0,0,0,0,0,0,0
indra/newview/llwldaycycle.h,viewer.misc,127,4,0,0,0,0,0,0,0,0,0,0,0,0,0
indra/newview/llappviewerlinux_api_dbus.cpp,viewer.misc,127,7,0,0,0,0,0,0,0,0,0,0,0,0,0
indra/llcommon/llmd5.h,core,127,1,0,0,0,0,0,0,0,0,0,0,0,0,0
indra/llcorehttp/_thread.h,unknown,127,6,0,0,0,0,0,0,0,0,0,0,0,0,0
indra/llui/llemojidictionary.h,unknown,127,3,0,0,0,0,0,0,0,0,0,0,0,0,0
indra/llplugin/llpluginsharedmemory.h,unknown,126,0,0,0,0,0,0,0,0,0,0,0,0,0,0
indra/newview/lldirpicker.h,viewer.misc,126,6,0,0,0,0,0,0,0,0,0,0,0,0,0
indra/newview/llpanelwearing.h,ui,126,4,0,0,0,0,0,0,0,0,0,0,0,0,0
indra/newview/llpanelplaceprofile.h,ui,126,1,0,0,0,0,0,0,0,0,0,0,0,0,0
indra/newview/llnamebox.cpp,viewer.misc,126,9,0,0,0,0,0,0,0,0,0,0,0,0,0
indra/llcorehttp/_httppolicyclass.cpp,unknown,126,2,0,0,0,0,0,0,0,0,0,0,0,0,0
indra/llmath/lltreenode.h,unknown,126,5,0,0,0,0,0,0,0,0,0,0,0,0,0
indra/viewer_components/login/lllogin.h,unknown,126,0,0,0,0,0,0,0,0,0,0,0,0,0,0
indra/test/lltimestampcache_tut.cpp,unknown,125,4,0,0,0,0,0,0,0,0,0,0,0,0,0
indra/newview/llcontrolavatar.h,world.avatar,125,2,0,0,0,0,0,0,0,0,0,0,0,0,0
indra/newview/llpanelgroupexperiences.cpp,ui,125,11,0,0,0,0,0,0,0,0,0,0,0,0,0
indra/newview/llsidepanelinventory.h,viewer.misc,125,1,0,0,0,0,0,0,0,0,0,0,0,0,0
indra/newview/llfloaterwindowsize.cpp,ui,125,8,0,0,0,0,0,0,0,0,0,0,0,0,1
indra/newview/llhudobject.h,viewer.misc,125,6,0,0,0,0,0,0,0,0,0,0,0,0,0
indra/llcharacter/lljointstate.h,unknown,125,2,0,0,0,0,0,0,0,0,0,0,0,0,0
indra/llinventory/lltransactiontypes.h,unknown,125,0,0,0,0,0,0,0,0,0,0,0,0,0,0
indra/llcommon/always_return.h,core,125,1,0,0,0,0,0,0,0,0,0,0,0,0,0
indra/llcorehttp/_httpreadyqueue.h,unknown,125,3,0,0,0,0,0,0,0,0,0,0,0,0,0
indra/llcommon/tests/llrand_test.cpp,core,125,4,0,0,0,0,0,0,0,0,0,0,0,0,0
indra/llmessage/llxfer.h,network,124,3,0,0,0,0,0,0,0,0,0,0,0,0,0
indra/llmessage/llvehicleparams.h,network,124,0,0,0,0,0,0,0,0,0,0,0,0,0,0
indra/newview/llfloaterbuycurrencyhtml.cpp,ui,124,4,0,0,0,0,0,0,0,0,0,0,0,0,0
indra/newview/lldelayedgestureerror.cpp,viewer.misc,124,8,0,0,0,0,0,0,0,0,0,0,0,0,0
indra/newview/llmimetypes.h,viewer.misc,124,2,0,0,0,0,0,0,0,0,0,0,0,0,0
indra/llappearance/llpolyskeletaldistortion.h,unknown,124,9,0,0,0,0,0,0,0,0,0,0,0,0,0
indra/llwindow/llwindowmesaheadless.h,unknown,124,3,0,0,0,0,0,0,0,0,0,0,0,0,0
indra/llui/llspinctrl.h,unknown,124,5,0,0,0,0,0,0,0,0,0,0,0,0,0
indra/newview/app_settings/shaders/class1/deferred/mareUpscaleF.glsl,viewer.misc,124,0,0,0,0,0,0,0,0,0,0,0,0,0,0
indra/llcorehttp/tests/test_refcounted.hpp,unknown,124,1,0,0,0,0,0,0,0,0,0,0,0,0,0
indra/newview/llpathfindingobjectlist.cpp,viewer.misc,123,5,0,0,0,0,0,0,0,0,0,0,0,0,0
indra/newview/llrecentpeople.h,viewer.misc,123,6,0,0,0,0,0,0,0,0,0,0,0,0,0
indra/newview/llfloaterimnearbychat.h,ui,123,10,0,0,0,0,0,0,0,0,0,0,0,0,0
indra/newview/llfloaterwebcontent.h,ui,123,3,0,0,0,0,0,0,0,0,0,0,0,0,0
indra/newview/llsearchableui.h,viewer.misc,123,1,0,0,0,0,0,0,0,0,0,0,0,0,0
indra/newview/llcommandhandler.h,viewer.misc,123,1,0,0,0,0,0,0,0,0,0,0,0,0,0
indra/newview/llagentpilot.h,viewer.misc,123,3,0,0,0,0,0,0,0,0,0,0,0,0,0
indra/newview/llemote.h,viewer.misc,123,2,0,0,0,0,0,0,0,0,0,0,0,0,0
indra/newview/llfloateremojipicker.h,ui,123,1,0,0,0,0,0,0,0,0,0,0,0,0,0
indra/llcommon/lleventtimer.h,core,123,4,0,0,0,0,0,0,0,0,0,0,0,0,0
indra/llui/llxyvector.h,unknown,123,4,0,0,0,0,0,0,0,0,0,0,0,0,0
indra/llcorehttp/tests/llcorehttp_test.cpp,unknown,123,15,0,0,0,0,0,0,0,0,0,0,0,0,0
indra/llmessage/llservice.h,network,122,4,0,0,0,0,0,0,0,0,0,0,0,0,0
indra/llmessage/fscorehttputil.cpp,network,122,1,0,0,0,0,0,0,0,0,0,0,0,0,0
indra/newview/llcolorswatch.h,viewer.misc,122,4,0,0,0,0,0,0,0,0,0,0,0,0,0
indra/newview/llviewermediafocus.h,viewer.misc,122,5,0,0,0,0,0,0,0,0,0,0,0,0,0
indra/newview/llrecentpeople.cpp,viewer.misc,122,4,0,0,0,0,0,0,0,0,0,0,0,0,0
indra/newview/llfloaterbulkpermission.h,ui,122,6,0,0,0,0,0,0,0,0,0,0,0,0,0
indra/newview/llpresetsmanager.h,viewer.misc,122,3,0,0,0,0,0,0,0,0,0,0,0,0,0
indra/llinventory/llsaleinfo.h,unknown,122,3,0,0,0,0,0,0,0,0,0,0,0,0,0
indra/llcommon/llcriticaldamp.cpp,core,122,3,0,0,0,0,0,0,0,0,0,0,0,0,0
indra/llcommon/tests/llframetimer_test.cpp,core,122,4,0,0,0,0,0,0,0,0,0,0,0,0,0
indra/llmessage/lliopipe.cpp,network,121,3,0,0,0,0,0,0,0,0,0,0,0,0,0
indra/llplugin/llpluginprocesschild.h,unknown,121,6,0,0,0,0,0,0,0,0,0,0,0,0,0
indra/newview/llfloaterautoreplacesettings.h,ui,121,7,0,0,0,0,0,0,0,0,0,0,0,0,0
indra/newview/llpanelpulldown.cpp,ui,121,2,0,0,0,0,0,0,0,0,0,0,0,0,0
indra/newview/llviewerjoystick.h,viewer.misc,121,2,0,0,0,0,0,0,0,0,0,0,0,0,0
indra/newview/llfloateravatarpicker.h,ui,121,4,0,0,0,0,0,0,0,0,0,0,0,0,0
indra/llcommon/llstatsaccumulator.h,core,121,1,0,0,0,0,0,0,0,0,0,0,0,0,0
indra/llui/llbadgeowner.cpp,unknown,121,4,0,0,0,0,0,0,0,0,0,0,0,0,0
indra/llmessage/lldispatcher.h,network,120,3,0,0,0,0,0,0,0,0,0,0,0,0,0
indra/newview/llfloaterevent.cpp,ui,120,28,0,0,0,0,0,0,0,0,0,0,0,0,0
indra/newview/llfloatergroups.h,ui,120,5,0,0,0,0,0,0,0,0,0,0,0,0,0
indra/llmath/xform.cpp,unknown,120,2,0,0,0,0,0,0,0,0,0,0,0,0,0
indra/llmath/v4math.cpp,unknown,120,6,0,0,0,0,0,0,0,0,0,0,0,0,0
indra/llui/llstatbar.h,unknown,120,3,0,0,0,0,0,0,0,0,0,0,0,0,0
indra/newview/app_settings/shaders/class1/deferred/blurLightF.glsl,viewer.misc,120,0,0,0,0,0,0,0,0,0,0,0,0,0,0
indra/newview/llphysicsmotion.h,viewer.misc,119,2,0,0,0,0,0,0,0,0,0,0,0,0,0
indra/newview/llviewerassettype.cpp,viewer.misc,119,5,0,0,0,0,0,0,0,0,0,0,0,0,0
indra/newview/llpanelteleporthistory.h,ui,119,4,0,0,0,0,0,0,0,0,0,0,0,0,0
indra/newview/llchannelmanager.h,viewer.misc,119,3,0,0,0,0,0,0,0,0,0,0,0,0,0
indra/llcharacter/llkeyframestandmotion.h,unknown,119,2,0,0,0,0,0,0,0,0,0,0,0,0,0
indra/llcommon/llwatchdog.h,core,119,4,0,0,0,0,0,0,0,0,0,0,0,0,0
indra/llcommon/llexception.cpp,core,119,9,0,0,0,0,0,0,0,0,0,0,0,0,0
indra/llappearance/llwearabletype.h,unknown,119,5,0,0,0,0,0,0,0,0,0,0,0,0,0
indra/newview/gltf/accessor.h,viewer.misc,119,3,0,0,0,0,0,0,0,0,0,0,0,0,0
indra/newview/app_settings/shaders/class1/deferred/aoUtil.glsl,viewer.misc,119,0,0,0,0,0,0,0,0,0,0,0,0,0,0
indra/llcommon/tests/bitpack_test.cpp,core,119,3,0,0,0,0,0,0,0,0,0,0,0,0,0
indra/test/sync.h,unknown,118,5,0,0,0,0,0,0,0,0,0,0,0,0,0
indra/newview/lltoolmorph.h,viewer.misc,118,10,0,0,0,0,0,0,0,0,0,0,0,0,0
indra/newview/llfloaterperformance.h,ui,118,2,0,0,0,0,0,0,0,0,0,0,0,0,0
indra/newview/llfloaterdeleteprefpreset.cpp,ui,118,9,0,0,0,0,0,0,0,0,0,0,0,0,0
indra/newview/llpanelvolumepulldown.cpp,ui,118,10,0,0,0,0,0,0,0,0,0,0,0,0,0
indra/llui/lluistring.h,unknown,118,2,0,0,0,0,0,0,0,0,0,0,0,0,0
indra/llcommon/tests/llmemtype_test.cpp,core,118,4,0,0,0,0,0,0,0,0,0,0,0,0,0
indra/llmessage/llpacketack.h,network,117,2,0,0,0,0,0,0,0,0,0,0,0,0,0
indra/newview/fsfloaterwearablefavorites.h,viewer.misc,117,4,0,0,0,0,0,0,0,0,0,0,0,0,0
indra/newview/llfloatergesture.h,ui,117,3,0,0,0,0,0,0,0,0,0,0,0,0,0
indra/newview/llmaniprotate.h,viewer.misc,117,7,0,0,0,0,0,0,0,0,0,0,0,0,0
indra/newview/llviewerjointattachment.h,viewer.misc,117,3,0,0,0,0,0,0,0,0,0,0,0,0,0
indra/newview/piemenu.h,viewer.misc,117,2,0,0,0,0,0,0,0,0,0,0,0,0,0
indra/llcharacter/lltargetingmotion.h,unknown,117,1,0,0,0,0,0,0,0,0,0,0,0,0,0
indra/llui/llchat.h,unknown,117,2,0,0,0,0,0,0,0,0,0,0,0,0,0
indra/llmessage/lltemplatemessagebuilder.h,network,116,3,0,0,0,0,0,0,0,0,0,0,0,0,0
indra/newview/llpanelblockedlist.h,ui,116,3,0,0,0,0,0,0,0,0,0,0,0,0,0
indra/newview/llslurl.h,viewer.misc,116,1,0,0,0,0,0,0,0,0,0,0,0,0,0
indra/newview/lllogininstance.h,viewer.misc,116,4,0,0,0,0,0,0,0,0,0,0,0,0,0
indra/newview/lltoolindividual.cpp,viewer.misc,116,7,0,0,0,0,0,0,0,0,0,0,0,0,0
indra/newview/llimhandler.cpp,viewer.misc,116,6,0,0,0,0,0,0,0,0,0,0,0,0,0
indra/newview/llimagefiltersmanager.cpp,viewer.misc,116,4,0,0,0,0,0,0,0,0,0,0,0,0,0
indra/newview/llfloatersaveprefpreset.cpp,ui,116,9,0,0,0,0,0,0,0,0,0,0,0,0,0
indra/newview/llfloatertopobjects.h,ui,116,1,0,0,0,0,0,0,0,0,0,0,0,0,0
indra/llcommon/llexception.h,core,116,4,0,0,0,0,0,0,0,0,0,0,0,0,0
indra/llui/llstyle.cpp,unknown,116,5,0,0,0,0,0,0,0,0,0,0,0,0,0
indra/llui/llurlmatch.h,unknown,116,2,0,0,0,0,0,0,0,0,0,0,0,0,0
indra/llmessage/lliobuffer.cpp,network,115,2,0,0,0,0,0,0,0,0,0,0,0,0,0
indra/newview/lllistcontextmenu.cpp,viewer.misc,115,4,0,0,0,0,0,0,0,0,0,0,0,0,0
indra/newview/llmaniptranslate.h,viewer.misc,115,4,0,0,0,0,0,0,0,0,0,0,0,0,0
indra/newview/llblockedlistitem.cpp,viewer.misc,115,9,0,0,0,0,0,0,0,0,0,0,0,0,0
indra/newview/kokuafloaterbulkrename.h,viewer.misc,115,6,0,0,0,0,0,0,0,0,0,0,0,0,0
indra/newview/llpreviewtexture.h,assets.texture,115,4,0,0,0,0,0,0,0,0,0,0,0,0,0
indra/newview/llpathfindinglinkset.h,viewer.misc,115,2,0,0,0,0,0,0,0,0,0,0,0,0,0
indra/llui/llsearcheditor.h,unknown,115,2,0,0,0,0,0,0,0,0,0,0,0,0,0
indra/llui/llradiogroup.h,unknown,115,3,0,0,0,0,0,0,0,0,0,0,0,0,0
indra/newview/llcommunicationchannel.cpp,viewer.misc,114,7,0,0,0,0,0,0,0,0,0,0,0,0,0
indra/newview/llfloaterexperienceprofile.h,ui,114,3,0,0,0,0,0,0,0,0,0,0,0,0,0
indra/newview/llfloaterbuildoptions.cpp,ui,114,5,0,0,0,0,0,0,0,0,0,0,0,0,0
indra/newview/llscrollingpanelparambase.cpp,viewer.misc,114,13,0,0,0,0,0,0,0,0,0,0,0,0,0
indra/newview/llfloatertestinspectors.cpp,ui,114,4,0,0,0,0,0,0,0,0,0,0,0,0,0
indra/newview/llviewerwindowlistener.cpp,ui.window,114,4,0,0,0,0,0,0,0,0,0,0,0,0,3
indra/llcharacter/llgesture.h,unknown,114,3,0,0,0,0,0,0,0,0,0,0,0,0,0
indra/llui/llurlaction.h,unknown,114,2,0,0,0,0,0,0,0,0,0,0,0,0,0
indra/newview/llchatbar.h,viewer.misc,113,3,0,0,0,0,0,0,0,0,0,0,0,0,0
indra/newview/lltranslate.h,viewer.misc,113,3,0,0,0,0,0,0,0,0,0,0,0,0,0
indra/newview/llconfirmationmanager.cpp,viewer.misc,113,6,0,0,0,0,0,0,0,0,0,0,0,0,0
indra/llinventory/llinventorysettings.cpp,unknown,113,7,0,0,0,0,0,0,0,0,0,0,0,0,0
indra/llinventory/lluserrelations.cpp,unknown,113,2,0,0,0,0,0,0,0,0,0,0,0,0,0
indra/llappearance/llviewervisualparam.h,unknown,113,3,0,0,0,0,0,0,0,0,0,0,0,0,0
indra/llmath/llcoord.h,unknown,113,0,0,0,0,0,0,0,0,0,0,0,0,0,0
indra/llmath/llvolumemgr.h,unknown,113,4,0,0,0,0,0,0,0,0,0,0,0,0,0
indra/llmessage/tests/networkio.h,network,113,6,0,0,0,0,0,0,0,0,0,0,0,0,0
indra/llmessage/llservice.cpp,network,112,2,0,0,0,0,0,0,0,0,0,0,0,0,0
indra/newview/llsidepanelappearance.h,viewer.misc,112,4,0,0,0,0,0,0,0,0,0,0,0,0,0
indra/llui/lluicolortable.h,unknown,112,4,0,0,0,0,0,0,0,0,0,0,0,0,0
indra/llui/lltextutil.cpp,unknown,112,4,0,0,0,0,0,0,0,0,0,0,0,0,0
indra/llmessage/llpacketring.h,network,111,4,0,0,0,0,0,0,0,0,0,0,0,0,0
indra/test/catch_and_store_what_in.h,unknown,111,0,0,0,0,0,0,0,0,0,0,0,0,0,0
indra/llprimitive/lldaeloader.h,unknown,111,1,0,0,0,0,0,0,0,0,0,0,0,0,0
indra/llaudio/lllistener_openal.cpp,unknown,111,3,0,0,0,0,0,0,0,0,0,0,0,0,0
indra/newview/llpanelsnapshotprofile.cpp,ui,111,10,0,0,0,0,0,0,0,0,0,0,0,0,0
indra/newview/llnameeditor.cpp,viewer.misc,111,9,0,0,0,0,0,0,0,0,0,0,0,0,0
indra/newview/lleventnotifier.h,viewer.misc,111,2,0,0,0,0,0,0,0,0,0,0,0,0,0
indra/newview/llfloaterloadprefpreset.cpp,ui,111,8,0,0,0,0,0,0,0,0,0,0,0,0,0
indra/llmath/llplane.h,unknown,111,2,0,0,0,0,0,0,0,0,0,0,0,0,0
indra/llmath/llsimdtypes.h,unknown,111,0,0,0,0,0,0,0,0,0,0,0,0,0,0
indra/newview/llpaneldirclassified.cpp,ui,110,20,0,0,0,0,0,0,0,0,0,0,0,0,0
indra/newview/lltool.h,viewer.misc,110,5,0,0,0,0,0,0,0,0,0,0,0,0,0
indra/llphysicsextensionsos/LLPathingLibStubImpl.cpp,unknown,110,4,0,0,0,0,0,0,1,0,0,0,0,0,0
indra/llui/llviewborder.h,unknown,110,1,0,0,0,0,0,0,0,0,0,0,0,0,0
indra/llui/llurlregistry.h,unknown,110,5,0,0,0,0,0,0,0,0,0,0,0,0,0
indra/newview/app_settings/shaders/class1/environment/waterV.glsl,viewer.misc,110,0,0,0,0,0,0,0,0,0,0,0,0,0,0
indra/llmessage/llsdmessagereader.h,network,109,3,0,0,0,0,0,0,0,0,0,0,0,0,0
indra/llaudio/llaudioengine_openal.h,unknown,109,3,0,0,0,0,0,0,0,0,0,0,0,0,0
indra/newview/llfloaterexperiencepicker.cpp,ui,109,15,0,0,0,0,0,0,0,0,0,0,0,0,0
indra/newview/llsetkeybinddialog.h,viewer.misc,109,1,0,0,0,0,0,0,0,0,0,0,0,0,0
indra/newview/llpanelgroupgeneral.h,ui,109,1,0,0,0,0,0,0,0,0,0,0,0,0,0
indra/newview/llsearchcombobox.h,viewer.misc,109,2,0,0,0,0,0,0,0,0,0,0,0,0,0
indra/newview/lltoolbrush.h,viewer.misc,109,3,0,0,0,0,0,0,0,0,0,0,0,0,0
indra/newview/llsplitbutton.h,viewer.misc,109,3,0,0,0,0,0,0,0,0,0,0,0,0,0
indra/newview/llviewerwearable.h,viewer.misc,109,3,0,0,0,0,0,0,0,0,0,0,0,0,0
indra/llcrashlogger/llcrashlogger.h,unknown,109,8,0,0,0,0,0,0,0,0,0,0,0,0,0
indra/llinventory/lllandmark.h,unknown,109,5,0,0,0,0,0,0,0,0,0,0,0,0,0
indra/llimage/llimagetga.h,unknown,109,1,0,0,0,0,0,0,0,0,0,0,0,0,0
indra/llcommon/llkeybind.h,core,109,1,0,0,0,0,0,0,0,0,0,0,0,0,0
indra/llcorehttp/httpstats.cpp,unknown,109,2,0,0,0,0,0,0,0,0,0,0,0,0,0
indra/llcorehttp/_httpreplyqueue.h,unknown,109,2,0,0,0,0,0,0,0,0,0,0,0,0,0
indra/llui/llchatentry.h,unknown,109,1,0,0,0,0,0,0,0,0,0,0,0,0,0
indra/llui/llslider.h,unknown,109,3,0,0,0,0,0,0,0,0,0,0,0,0,0
indra/llui/lltoggleablemenu.cpp,unknown,109,3,0,0,0,0,0,0,0,0,0,0,0,0,0
indra/llmessage/tests/llregionpresenceverifier_test.cpp,network,109,7,0,0,0,0,0,0,0,0,0,0,0,0,0
indra/test/debug.h,unknown,108,1,0,0,0,0,0,0,0,0,0,0,0,0,0
indra/test/chained_callback.h,unknown,108,1,0,0,0,0,0,0,0,0,0,0,0,0,0
indra/newview/llfloaterprofiletexture.h,ui,108,3,0,0,0,0,0,0,0,0,0,0,0,0,0
indra/newview/llpanelsnapshotoptions.cpp,ui,108,5,0,0,0,0,0,0,0,0,0,0,0,0,0
indra/newview/lltoastalertpanel.h,viewer.misc,108,5,0,0,0,0,0,0,0,0,0,0,0,0,0
indra/llmath/llquaternion2.h,unknown,108,1,0,0,0,0,0,0,0,0,0,0,0,0,0
indra/llui/lliconctrl.h,unknown,108,4,0,0,0,0,0,0,0,0,0,0,0,0,0
indra/llmessage/tests/llhttpnode_stub.cpp,network,108,2,0,0,0,0,0,0,0,0,0,0,0,0,0
indra/integration_tests/llui_libtest/llwidgetreg.cpp,unknown,108,29,0,0,0,0,0,0,0,0,0,0,0,0,0
indra/llcorehttp/tests/test_httpoperation.hpp,unknown,108,3,0,0,0,0,0,0,0,0,0,0,0,0,0
indra/newview/llpanelpermissions.h,ui,107,3,0,0,0,0,0,0,0,0,0,0,0,0,0
indra/llcommon/llregex.h,core,107,1,0,0,0,0,0,0,0,0,0,0,0,0,0
indra/llcommon/llmortician.cpp,core,107,3,0,0,0,0,0,0,0,0,0,0,0,0,0
indra/llcommon/commoncontrol.cpp,core,107,4,0,0,0,0,0,0,0,0,0,0,0,0,0
indra/llcommon/hexdump.h,core,107,4,0,0,0,0,0,0,0,0,0,0,0,0,0
indra/llprimitive/llmaterialid.h,unknown,106,2,0,0,0,0,0,0,0,0,0,0,0,0,0
indra/newview/VertexCache.h,viewer.misc,106,0,0,0,0,0,0,0,0,0,0,0,0,0,0
indra/newview/llpanellandmarkinfo.h,ui,106,2,0,0,0,0,0,0,0,0,0,0,0,0,0
indra/newview/floaterhop.h,viewer.misc,106,4,0,0,0,0,0,0,0,0,0,0,0,0,0
indra/newview/llfloaterjoystick.h,ui,106,2,0,0,0,0,0,0,0,0,0,0,0,0,0
indra/newview/llpaneldirpeople.cpp,ui,106,6,0,0,0,0,0,0,0,0,0,0,0,0,0
indra/llcommon/u64.cpp,core,106,2,0,0,0,0,0,0,0,0,0,0,0,0,0
indra/llmath/llbbox.h,unknown,106,2,0,0,0,0,0,0,0,0,0,0,0,0,0
indra/llmessage/llservicebuilder.h,network,105,3,0,0,0,0,0,0,0,0,0,0,0,0,0
indra/newview/pieslice.h,viewer.misc,105,1,0,0,0,0,0,0,0,0,0,0,0,0,0
indra/llcommon/lldependencies.cpp,core,105,9,0,0,0,0,0,0,0,0,0,0,0,0,0
indra/llui/llctrlselectioninterface.h,unknown,105,3,0,0,0,0,0,0,0,0,0,0,0,0,0
indra/llui/llnotificationvisibilityrule.h,unknown,105,1,0,0,0,0,0,0,0,0,0,0,0,0,0
indra/llui/llloadingindicator.h,unknown,105,2,0,0,0,0,0,0,0,0,0,0,0,0,0
indra/media_plugins/cef/windows_volume_catcher.cpp,unknown,105,4,0,0,0,0,0,0,0,0,0,0,0,0,0
indra/newview/llexternaleditor.h,viewer.misc,104,1,0,0,0,0,0,0,0,0,0,0,0,0,0
indra/newview/llfloaterperms.h,ui,104,3,0,0,0,0,0,0,0,0,0,0,0,0,0
indra/llcommon/llnametable.h,core,104,2,0,0,0,0,0,0,0,0,0,0,0,0,0
indra/llmessage/llqueryflags.h,network,103,0,0,0,0,0,0,0,0,0,0,0,0,0,0
indra/newview/llfloatersidepanelcontainer.h,ui,103,1,0,0,0,0,0,0,0,0,0,0,0,0,0
indra/newview/llfloaterdirectory.cpp,ui,103,17,0,0,0,0,0,0,0,0,0,0,0,0,0
indra/newview/groupchatlistener.cpp,viewer.misc,103,5,0,0,0,0,0,0,0,0,0,0,0,0,0
indra/newview/llchatmsgbox.cpp,viewer.misc,103,3,0,0,0,0,0,0,0,0,0,0,0,0,0
indra/llcommon/lleventemitter.h,core,103,6,0,0,0,0,0,0,0,0,0,0,0,0,0
indra/llappearance/llwearabledata.h,unknown,103,3,0,0,0,0,0,0,0,0,0,0,0,0,0
indra/llmath/v3colorutil.h,unknown,103,2,0,0,0,0,0,0,0,0,0,0,0,0,0
indra/llwindow/llwindowcallbacks.h,unknown,103,1,0,0,0,0,0,0,0,0,0,0,0,0,0
indra/llui/lltextvalidate.h,unknown,103,2,0,0,0,0,0,0,0,0,0,0,0,0,0
indra/llui/llmultifloater.h,unknown,103,2,0,0,0,0,0,0,0,0,0,0,0,0,0
indra/llui/llscrollingpanellist.h,unknown,103,5,0,0,0,0,0,0,0,0,0,0,0,0,0
indra/llmessage/tests/llavatarnamecache_test.cpp,world.avatar,103,3,0,0,0,0,0,0,0,0,0,0,0,0,0
indra/llmessage/llthrottle.h,network,102,1,0,0,0,0,0,0,0,0,0,0,0,0,0
indra/llmessage/llmessagebuilder.h,network,102,2,0,0,0,0,0,0,0,0,0,0,0,0,0
indra/newview/llpanelgroupbulkimpl.h,ui,102,2,0,0,0,0,0,0,0,0,0,0,0,0,0
indra/newview/llfirstuse.h,viewer.misc,102,2,0,0,0,0,0,0,0,0,0,0,0,0,0
indra/newview/llpanelavatartag.cpp,ui,102,5,0,0,0,0,0,0,0,0,0,0,0,0,0
indra/newview/lluilistener.cpp,viewer.misc,102,5,0,0,0,0,0,0,0,0,0,0,0,0,0
indra/newview/llpanelexperiencelisteditor.h,ui,102,3,0,0,0,0,0,0,0,0,0,0,0,0,0
indra/llinventory/llinventorydefines.h,unknown,102,0,0,0,0,0,0,0,0,0,0,0,0,0,0
indra/llcommon/llptrto.cpp,core,102,4,0,0,0,0,0,0,0,0,0,0,0,0,0
indra/llcommon/lltracethreadrecorder.h,core,102,4,0,0,0,0,0,0,0,0,0,0,0,0,0
indra/llwindow/llpreeditor.h,unknown,102,0,0,0,0,0,0,0,0,0,0,0,0,0,0
indra/llui/llmenubutton.h,unknown,102,1,0,0,0,0,0,0,0,0,0,0,0,0,0
indra/newview/app_settings/shaders/class3/deferred/hazeF.glsl,viewer.misc,102,0,0,0,0,0,0,0,0,0,0,0,0,0,0
indra/test/llsdtraits.h,unknown,101,2,0,0,0,0,0,0,0,0,0,0,0,0,0
indra/newview/llpanelmediasettingsgeneral.h,ui,101,1,0,0,0,0,0,0,0,0,0,0,0,0,0
indra/newview/llplacesinventorybridge.h,viewer.misc,101,1,0,0,0,0,0,0,0,0,0,0,0,0,0
indra/newview/sanitycheck.cpp,viewer.misc,101,7,0,0,0,0,0,0,0,0,0,0,0,0,0
indra/newview/llchatitemscontainerctrl.h,viewer.misc,101,5,0,0,0,0,0,0,0,0,0,0,0,0,0
indra/newview/llfloaterobjectweights.h,ui,101,3,0,0,0,0,0,0,0,0,0,0,0,0,0
indra/newview/llfloaterimnearbychatlistener.cpp,ui,101,7,0,0,0,0,0,0,0,0,0,0,0,0,0
indra/newview/llhttpretrypolicy.h,viewer.misc,101,5,0,0,0,0,0,0,0,0,0,0,0,0,0
indra/newview/llviewerparcelmedia.h,viewer.misc,101,1,0,0,0,0,0,0,0,0,0,0,0,0,0
indra/newview/llviewerlayer.cpp,viewer.misc,101,4,0,0,0,0,0,0,0,0,0,0,0,0,0
indra/newview/llregioninfomodel.h,viewer.misc,101,1,0,0,0,0,0,0,0,0,0,0,0,0,0
indra/newview/llremoteparcelrequest.h,viewer.misc,101,4,0,0,0,0,0,0,0,0,0,0,0,0,0
indra/newview/fsscrolllistctrl.h,viewer.misc,101,2,0,0,0,0,0,0,0,0,0,0,0,0,0
indra/newview/llnotificationgrouphandler.cpp,viewer.misc,101,8,0,0,0,0,0,0,0,0,0,0,0,0,0
indra/newview/llpreviewsound.cpp,viewer.misc,101,11,0,0,0,0,0,0,0,0,0,0,0,0,0
indra/llcommon/llindexedvector.h,core,101,3,0,0,0,0,0,0,0,0,0,0,0,0,0
indra/llmath/llcalc.h,unknown,101,2,0,0,0,0,0,0,0,0,0,0,0,0,0
indra/newview/app_settings/shaders/class1/deferred/fullbrightF.glsl,viewer.misc,101,0,0,0,0,0,0,0,0,0,0,0,0,0,0
indra/llplugin/llplugininstance.h,unknown,100,3,0,0,0,0,0,0,0,0,0,0,0,0,0
indra/newview/llviewchildren.cpp,viewer.misc,100,9,0,0,0,0,0,0,0,0,0,0,0,0,0
indra/newview/lltransientdockablefloater.cpp,viewer.misc,100,4,0,0,0,0,0,0,0,0,0,0,0,0,0
indra/newview/llfloaternewfeaturenotification.cpp,ui,100,2,0,0,0,0,0,0,0,0,0,0,0,0,0
indra/newview/llpathfindingcharacter.cpp,viewer.misc,100,5,0,0,0,0,0,0,0,0,0,0,0,0,0
indra/newview/llfloaterpathfindingcharacters.h,ui,100,5,0,0,0,0,0,0,0,0,0,0,0,0,0
indra/llcommon/llmainthreadtask.h,core,100,5,0,0,0,0,0,0,0,0,0,0,0,0,0
indra/llwindow/llopenglview-objc.h,unknown,100,1,0,0,0,0,0,0,0,0,0,0,0,0,0
indra/llui/llviewereventrecorder.h,unknown,100,10,0,0,0,0,0,0,0,0,0,0,0,0,0
indra/llui/llloadingindicator.cpp,unknown,100,5,0,0,0,0,0,0,0,0,0,0,0,0,0
indra/llmessage/tests/llcurl_stub.cpp,network,100,3,0,0,0,0,0,0,0,0,0,0,0,0,0
indra/llmessage/llcoproceduremanager.h,network,99,4,0,0,0,0,0,0,0,0,0,0,0,0,0
indra/llmessage/llioutil.cpp,network,99,3,0,0,0,0,0,0,0,0,0,0,0,0,0
indra/newview/llpanelexperiences.h,ui,99,2,0,0,0,0,0,0,0,0,0,0,0,0,0
indra/newview/llfloater360capture.h,ui,99,3,0,0,0,0,0,0,0,0,0,0,0,0,0
indra/newview/llpaneleditwater.h,ui,99,3,0,0,0,0,0,0,0,0,0,0,0,0,0
indra/newview/llcurrencyuimanager.h,viewer.misc,99,0,0,0,0,0,0,0,0,0,0,0,0,0,0
indra/llinventory/llcategory.h,unknown,99,0,0,0,0,0,0,0,0,0,0,0,0,0,0
indra/llcommon/llinstancetrackersubclass.h,core,99,1,0,0,0,0,0,0,0,0,0,0,0,0,0
indra/llui/llflashtimer.cpp,unknown,99,3,0,0,0,0,0,0,0,0,0,0,0,0,0
indra/llmessage/lluseroperation.h,network,98,3,0,0,0,0,0,0,0,0,0,0,0,0,0
indra/test/hexdump.h,unknown,98,4,0,0,0,0,0,0,0,0,0,0,0,0,0
indra/newview/llgiveinventory.h,viewer.misc,98,0,0,0,0,0,0,0,0,0,0,0,0,0,0
indra/newview/llfloatersettingsdebug.h,ui,98,3,0,0,0,0,0,0,0,0,0,0,0,0,0
indra/llinventory/llpermissionsflags.h,unknown,98,0,0,0,0,0,0,0,0,0,0,0,0,0,0
indra/llimage/llpngwrapper.h,unknown,98,2,0,0,0,0,0,0,0,0,0,0,0,0,0
indra/llcommon/llfixedbuffer.cpp,core,98,2,0,0,0,0,0,0,0,0,0,0,0,0,0
indra/llcommon/lldictionary.h,core,98,3,0,0,0,0,0,0,0,0,0,0,0,0,0
indra/llcorehttp/_httpreplyqueue.cpp,unknown,98,4,0,0,0,0,0,0,0,0,0,0,0,0,0
indra/llui/lldockcontrol.h,unknown,98,4,0,0,0,0,0,0,0,0,0,0,0,0,0
indra/newview/gltf/common.h,viewer.misc,98,9,0,0,0,0,0,0,0,0,0,0,0,0,0
indra/newview/app_settings/shaders/class3/deferred/fullbrightShinyF.glsl,viewer.misc,98,0,0,0,0,0,0,0,0,0,0,0,0,0,0
indra/llmessage/mean_collision_data.h,network,97,2,0,0,0,0,0,0,0,0,0,0,0,0,0
indra/llplugin/llpluginmessagepipe.h,unknown,97,3,0,0,0,0,0,0,0,0,0,0,0,0,0
indra/newview/llsky.h,viewer.misc,97,6,0,0,0,0,0,0,0,0,0,0,0,0,0
indra/newview/llpanelexperiencepicker.h,ui,97,1,0,0,0,0,0,0,0,0,0,0,0,0,0
indra/newview/llfloaterenvironmentadjust.h,ui,97,5,0,0,0,0,0,0,0,0,0,0,0,0,0
indra/newview/viewerinfo.cpp,viewer.misc,97,2,0,0,0,0,0,0,0,0,0,0,0,0,0
indra/newview/llsidetraypanelcontainer.h,viewer.misc,97,1,0,0,0,0,0,0,0,0,0,0,0,0,0
indra/newview/llworldmipmap.h,viewer.misc,97,4,0,0,0,0,0,0,0,0,0,0,0,0,0
indra/llcommon/lldepthstack.h,core,97,1,0,0,0,0,0,0,0,0,0,0,0,0,0
indra/newview/app_settings/shaders/class1/deferred/avatarVelocityV.glsl,world.avatar,97,0,0,0,0,0,0,0,0,0,0,0,0,0,0
indra/llmessage/machine.h,network,96,2,0,0,0,0,0,0,0,0,0,0,0,0,0
indra/newview/llthumbnailctrl.h,viewer.misc,96,3,0,0,0,0,0,0,0,0,0,0,0,0,0
indra/newview/llhudeffecttrail.h,viewer.misc,96,4,0,0,0,0,0,0,0,0,0,0,0,0,0
indra/newview/llurl.h,viewer.misc,96,0,0,0,0,0,0,0,0,0,0,0,0,0,0
indra/newview/llhudeffectlookat.h,viewer.misc,96,1,0,0,0,0,0,0,0,0,0,0,0,0,0
indra/newview/llurllineeditorctrl.cpp,viewer.misc,96,6,0,0,0,0,0,0,0,0,0,0,0,0,0
indra/newview/llproductinforequest.cpp,viewer.misc,96,6,0,0,0,0,0,0,0,0,0,0,0,0,0
indra/llcommon/lllivefile.h,core,96,0,0,0,0,0,0,0,0,0,0,0,0,0,0
indra/llcommon/llleap.h,core,96,5,0,0,0,0,0,0,0,0,0,0,0,0,0
indra/llcommon/llheteromap.h,core,96,3,0,0,0,0,0,0,0,0,0,0,0,0,0
indra/llui/llnotificationsutil.cpp,unknown,96,5,0,0,0,0,0,0,0,0,0,0,0,0,0
indra/media_plugins/cef/mac_volume_catcher_null.cpp,unknown,96,2,0,0,0,0,0,0,0,0,0,0,0,0,0
indra/llmessage/llmessagereader.h,network,95,1,0,0,0,0,0,0,0,0,0,0,0,0,0
indra/newview/llsyswellitem.cpp,viewer.misc,95,5,0,0,0,0,0,0,0,0,0,0,0,0,0
indra/newview/llviewerthrottle.h,viewer.misc,95,4,0,0,0,0,0,0,0,0,0,0,0,0,0
indra/newview/lloutfitobserver.h,viewer.misc,95,1,0,0,0,0,0,0,0,0,0,0,0,0,0
indra/newview/llregionposition.cpp,viewer.misc,95,5,0,0,0,0,0,0,0,0,0,0,0,0,0
indra/newview/llgroupiconctrl.h,viewer.misc,95,2,0,0,0,0,0,0,0,0,0,0,0,0,0
indra/newview/llfloatermodeluploadbase.cpp,ui,95,6,0,0,0,0,0,0,0,0,0,0,0,0,0
indra/llcommon/llendianswizzle.h,core,95,0,0,0,0,0,0,0,0,0,0,0,0,0,0
indra/llcommon/llprocinfo.cpp,core,95,7,0,0,0,0,0,0,0,0,0,0,0,0,0
indra/llcorehttp/_httpretryqueue.h,unknown,95,2,0,0,0,0,0,0,0,0,0,0,0,0,0
indra/llui/llcontainerview.h,unknown,95,4,0,0,0,0,0,0,0,0,0,0,0,0,0
indra/llmessage/lltransfertargetvfile.h,network,94,3,0,0,0,0,0,0,0,0,0,0,0,0,0
indra/newview/llsidetraypanelcontainer.cpp,viewer.misc,94,2,0,0,0,0,0,0,0,0,0,0,0,0,0
indra/newview/llscrollingpanelparam.h,viewer.misc,94,1,0,0,0,0,0,0,0,0,0,0,0,0,0
indra/llwindow/llcursortypes.cpp,unknown,94,2,0,0,0,0,0,0,0,0,0,0,0,0,0
indra/llui/lltextbox.h,unknown,94,2,0,0,0,0,0,0,0,0,0,0,0,0,0
indra/llui/llresizebar.h,unknown,94,1,0,0,0,0,0,0,0,0,0,0,0,0,0
indra/newview/app_settings/shaders/class1/deferred/postDeferredNoDoFF.glsl,viewer.misc,94,0,0,0,0,0,0,0,0,0,0,0,0,0,0
indra/llprimitive/llvolumemessage.h,unknown,93,1,0,0,0,0,0,0,0,0,0,0,0,0,0
indra/newview/llsaveoutfitcombobtn.cpp,viewer.misc,93,6,0,0,0,0,0,0,0,0,0,0,0,0,0
indra/newview/llvieweraudio.h,viewer.misc,93,2,0,0,0,0,0,0,0,0,0,0,0,0,0
indra/newview/llagentpicksinfo.h,viewer.misc,93,1,0,0,0,0,0,0,0,0,0,0,0,0,0
indra/newview/llfloaterbanduration.cpp,ui,93,5,0,0,0,0,0,0,0,0,0,0,0,0,0
indra/newview/llurllineeditorctrl.h,viewer.misc,93,3,0,0,0,0,0,0,0,0,0,0,0,0,0
indra/newview/llfloaterhowto.cpp,ui,93,5,0,0,0,0,0,0,0,0,0,0,0,0,0
indra/llcommon/fsyspath.h,core,93,4,0,0,0,0,0,0,0,0,0,0,0,0,0
indra/llcommon/indra_constants.cpp,core,93,3,0,0,0,0,0,0,0,0,0,0,0,0,0
indra/llcorehttp/httphandler.h,unknown,93,1,0,0,0,0,0,0,0,0,0,0,0,0,0
indra/llui/llprogressbar.cpp,unknown,93,11,0,0,0,0,0,0,0,0,0,0,0,0,0
indra/newview/tests/lltextureinfodetails_test.cpp,assets.texture,93,3,0,0,0,0,0,0,0,0,0,0,0,0,0
indra/llmessage/llxfer_vfile.h,network,92,2,0,0,0,0,0,0,0,0,0,0,0,0,0
indra/llmessage/patch_dct.h,network,92,0,0,0,0,0,0,0,0,0,0,0,0,0,0
indra/newview/llfloaterwhitelistentry.cpp,ui,92,9,0,0,0,0,0,0,0,0,0,0,0,0,0
indra/newview/llpathfindingobject.h,viewer.misc,92,7,0,0,0,0,0,0,0,0,0,0,0,0,0
indra/llcommon/lltempredirect.h,core,92,0,0,0,0,0,0,0,0,0,0,0,0,0,0
indra/llcorehttp/_httpopsetget.h,unknown,92,5,0,0,0,0,0,0,0,0,0,0,0,0,0
indra/llui/llclipboard.h,unknown,92,5,0,0,0,0,0,0,0,0,0,0,0,0,0
indra/llcommon/tests/llprocinfo_test.cpp,core,92,4,0,0,0,0,0,0,0,0,0,0,0,0,0
indra/llmessage/message_string_table.cpp,network,91,3,0,0,0,0,0,0,0,0,0,0,0,0,0
indra/llplugin/llpluginclassmediaowner.h,unknown,91,3,0,0,0,0,0,0,0,0,0,0,0,0,0
indra/llaudio/llstreamingaudio_fmodstudio.h,unknown,91,3,0,0,0,0,0,0,0,0,0,0,0,0,0
indra/newview/llappviewerlinux.h,viewer.misc,91,4,0,0,0,0,0,0,0,0,0,0,0,0,0
indra/newview/llpathfindingnavmesh.h,viewer.misc,91,5,0,0,0,0,0,0,0,0,0,0,0,0,0
indra/newview/llpaneldirgroups.cpp,ui,91,6,0,0,0,0,0,0,0,0,0,0,0,0,0
indra/newview/llchicletbar.h,viewer.misc,91,1,0,0,0,0,0,0,0,0,0,0,0,0,0
indra/newview/app_settings/shaders/class3/deferred/screenSpaceReflPostF.glsl,viewer.misc,91,0,0,0,0,0,0,0,0,0,0,0,0,0,0
indra/newview/lllandmarklist.h,viewer.misc,90,5,0,0,0,0,0,0,0,0,0,0,0,0,0
indra/newview/llfloatertranslationsettings.h,ui,90,1,0,0,0,0,0,0,0,0,0,0,0,0,0
indra/newview/llfloatermediasettings.h,ui,90,2,0,0,0,0,0,0,0,0,0,0,0,0,0
indra/newview/lltransientfloatermgr.h,viewer.misc,90,3,0,0,0,0,0,0,0,0,0,0,0,0,0
indra/newview/llmarketplacenotifications.cpp,viewer.misc,90,5,0,0,0,0,0,0,0,0,0,0,0,0,0
indra/newview/llviewerparcelaskplay.h,viewer.misc,90,2,0,0,0,0,0,0,0,0,0,0,0,0,0
indra/llui/llspellcheck.h,unknown,90,4,0,0,0,0,0,0,0,0,0,0,0,0,0
indra/llmessage/llchainio.cpp,network,89,4,0,0,0,0,0,0,0,0,0,0,0,0,0
indra/newview/lldebugmessagebox.h,viewer.misc,89,7,0,0,0,0,0,0,0,0,0,0,0,0,0
indra/newview/lldateutil.h,viewer.misc,89,0,0,0,0,0,0,0,0,0,0,0,0,0,0
indra/newview/llexperiencelog.h,viewer.misc,89,1,0,0,0,0,0,0,0,0,0,0,0,0,0
indra/newview/llspeakingindicatormanager.h,viewer.misc,89,0,0,0,0,0,0,0,0,0,0,0,0,0,0
indra/llmessage/llxfer_file.h,network,88,2,0,0,0,0,0,0,0,0,0,0,0,0,0
indra/newview/llmorphview.h,viewer.misc,88,3,0,0,0,0,0,0,0,0,0,0,0,0,0
indra/newview/llfloaterdestinations.cpp,ui,88,7,0,0,0,0,0,0,0,0,0,0,0,0,0
indra/newview/llpanelavatartag.h,ui,88,2,0,0,0,0,0,0,0,0,0,0,0,0,0
indra/llfilesystem/lldiriterator.h,unknown,88,1,0,0,0,0,0,0,0,0,0,0,0,0,0
indra/llui/lluicolor.cpp,unknown,88,2,0,0,0,0,0,0,0,0,0,0,0,0,0
indra/newview/app_settings/shaders/class3/environment/underWaterF.glsl,viewer.misc,88,0,0,0,0,0,0,0,0,0,0,0,0,0,0
indra/test/lltranscode_tut.cpp,unknown,87,3,0,0,0,0,0,0,0,0,0,0,0,0,0
indra/newview/llfloatersounddevices.cpp,ui,87,5,0,0,0,0,0,0,0,0,0,0,0,0,0
indra/newview/llconversationloglistitem.h,viewer.misc,87,2,0,0,0,0,0,0,0,0,0,0,0,0,0
indra/newview/lltoastpanel.h,viewer.misc,87,4,0,0,0,0,0,0,0,0,0,0,0,0,0
indra/newview/llviewergesture.h,viewer.misc,87,4,0,0,0,0,0,0,0,0,0,0,0,0,0
indra/llimage/llimagejpeg.h,unknown,87,6,0,0,0,0,0,0,0,0,0,0,0,0,0
indra/newview/tests/llvieweroctree_stub.cpp,viewer.misc,87,0,0,0,0,0,0,0,0,0,0,0,0,0,0
indra/newview/app_settings/shaders/class1/objects/previewV.glsl,viewer.misc,87,0,0,0,0,0,0,0,0,0,0,0,0,0,0
indra/llmessage/lltrustedmessageservice.cpp,network,86,6,0,0,0,0,0,0,0,0,0,0,0,0,0
indra/newview/llfloaternamedesc.h,ui,86,4,0,0,0,0,0,0,0,0,0,0,0,0,0
indra/newview/llplacesfolderview.cpp,viewer.misc,86,5,0,0,0,0,0,0,0,0,0,0,0,0,0
indra/newview/noise.cpp,viewer.misc,86,3,0,0,0,0,0,0,0,0,0,0,0,0,0
indra/newview/llconfirmationmanager.h,viewer.misc,86,0,0,0,0,0,0,0,0,0,0,0,0,0,0
indra/newview/llmenuoptionpathfindingrebakenavmesh.h,viewer.misc,86,4,0,0,0,0,0,0,0,0,0,0,0,0,0
indra/llcommon/lltrace.cpp,core,86,5,0,0,0,0,0,0,0,0,0,0,0,0,0
indra/llcommon/lluriparser.h,core,86,2,0,0,0,0,0,0,0,0,0,0,0,0,0
indra/llcommon/lleventapi.cpp,core,86,4,0,0,0,0,0,0,0,0,0,0,0,0,0
indra/llcorehttp/httpresponse.cpp,unknown,86,3,0,0,0,0,0,0,0,0,0,0,0,0,0
indra/llappearance/lltexglobalcolor.h,unknown,86,2,0,0,0,0,0,0,0,0,0,0,0,0,0
indra/llfilesystem/llfilesystem.h,unknown,86,3,0,0,0,0,0,0,0,0,0,0,0,0,0
indra/llui/llwindowshade.h,unknown,86,3,0,0,0,0,0,0,0,0,0,0,0,0,0
indra/llmessage/llpacketbuffer.cpp,network,85,5,0,0,0,0,0,0,0,0,0,0,0,0,0
indra/llmessage/llclassifiedflags.cpp,network,85,2,0,0,0,0,0,0,0,0,0,0,0,0,0
indra/llprimitive/object_flags.h,unknown,85,0,0,0,0,0,0,0,0,0,0,0,0,0,0
indra/newview/fscommon.h,viewer.misc,85,3,0,0,0,0,0,0,0,0,0,0,0,0,0
indra/newview/llfloaterhud.cpp,ui,85,6,0,0,0,0,0,0,0,0,0,0,0,0,0
indra/newview/llpanelpeoplemenus.h,ui,85,1,0,0,0,0,0,0,0,0,0,0,0,0,0
indra/newview/llhudeffectpointat.h,viewer.misc,85,2,0,0,0,0,0,0,0,0,0,0,0,0,0
indra/newview/llpanelimcontrolpanel.h,ui,85,2,0,0,0,0,0,0,0,0,0,0,0,0,0
indra/newview/lltoolview.h,viewer.misc,85,1,0,0,0,0,0,0,0,0,0,0,0,0,0
indra/newview/lltoolfocus.h,viewer.misc,85,1,0,0,0,0,0,0,0,0,0,0,0,0,0
indra/newview/llxmlrpctransaction.h,viewer.misc,85,1,0,0,0,0,0,0,0,0,0,0,0,0,0
indra/llcommon/tuple.h,core,85,3,0,0,0,0,0,0,0,0,0,0,0,0,0
indra/newview/llpanelmarketplaceinbox.h,ui,84,2,0,0,0,0,0,0,0,0,0,0,0,0,0
indra/newview/llstylemap.cpp,viewer.misc,84,7,0,0,0,0,0,0,0,0,0,0,0,0,0
indra/llphysicsextensionsos/llpathinglib.cpp,unknown,84,3,0,0,0,0,0,0,0,0,0,0,0,0,0
indra/llphysicsextensionsos/llconvexdecomposition.cpp,unknown,84,3,0,0,0,0,0,0,0,0,0,0,0,0,0
indra/llmath/llline.h,unknown,84,3,0,0,0,0,0,0,0,0,0,0,0,0,0
indra/llui/lllazyvalue.h,unknown,84,2,0,0,0,0,0,0,0,0,0,0,0,0,0
indra/llui/lltextutil.h,unknown,84,1,0,0,0,0,0,0,0,0,0,0,0,0,0
indra/llui/llmodaldialog.h,unknown,84,2,0,0,0,0,0,0,0,0,0,0,0,0,0
indra/newview/app_settings/shaders/class1/deferred/normgenF.glsl,viewer.misc,84,0,0,0,0,0,0,0,0,0,0,0,0,0,0
indra/llmessage/llpacketack.cpp,network,83,5,0,0,0,0,0,0,0,0,0,0,0,0,0
indra/test/mock_http_client.cpp,unknown,83,2,0,0,0,0,0,0,0,0,0,0,0,0,0
indra/newview/llfloateropenobject.h,ui,83,1,0,0,0,0,0,0,0,0,0,0,0,0,0
indra/newview/llfloaterinventorythumbnailshelper.h,ui,83,1,0,0,0,0,0,0,0,0,0,0,0,0,0
indra/newview/llfloaterpreviewtrash.cpp,ui,83,4,0,0,0,0,0,0,0,0,0,0,0,0,0
indra/newview/llparcelselection.cpp,viewer.misc,83,3,0,0,0,0,0,0,0,0,0,0,0,0,0
indra/newview/llpanelcontents.h,ui,83,7,0,0,0,0,0,0,0,0,0,0,0,0,0
indra/newview/llpanelmediasettingssecurity.h,ui,83,1,0,0,0,0,0,0,0,0,0,0,0,0,0
indra/newview/lltoastimpanel.h,viewer.misc,83,4,0,0,0,0,0,0,0,0,0,0,0,0,0
indra/newview/llfloaterpreferenceviewadvanced.cpp,ui,83,8,0,0,0,0,0,0,0,0,0,0,0,0,0
indra/newview/llcommanddispatcherlistener.cpp,viewer.misc,83,3,0,0,0,0,0,0,0,0,0,0,0,0,0
indra/llcommon/llstaticstringtable.h,core,83,3,0,0,0,0,0,0,0,0,0,0,0,0,0
indra/llmath/llrigginginfo.h,unknown,83,1,0,0,0,0,0,0,0,0,0,0,0,0,0
indra/llmath/llmatrix4a.cpp,unknown,83,3,0,0,0,0,0,0,0,0,0,0,0,0,0
indra/llmessage/lltransfersourceasset.h,network,82,2,0,0,0,0,0,0,0,0,0,0,0,0,0
indra/newview/lleventpoll.h,viewer.misc,82,0,0,0,0,0,0,0,0,0,0,0,0,0,0
indra/newview/llagentlistener.h,viewer.misc,82,1,0,0,0,0,0,0,0,0,0,0,0,0,0
indra/newview/llfloaterdirectory.h,ui,82,8,0,0,0,0,0,0,0,0,0,0,0,0,0
indra/newview/llsyswellitem.h,viewer.misc,82,5,0,0,0,0,0,0,0,0,0,0,0,0,0
indra/newview/lluploadfloaterobservers.h,viewer.misc,82,2,0,0,0,0,0,0,0,0,0,0,0,0,0
indra/newview/llfloatersettingscolor.h,ui,82,2,0,0,0,0,0,0,0,0,0,0,0,0,0
indra/newview/llfloateraddpaymentmethod.cpp,ui,82,5,0,0,0,0,0,0,0,0,0,0,0,0,0
indra/llcommon/llmemorystream.h,core,82,1,0,0,0,0,0,0,0,0,0,0,0,0,0
indra/llwindow/llcursortypes.h,unknown,82,0,0,0,0,0,0,0,0,0,0,0,0,0,0
indra/newview/app_settings/shaders/class2/deferred/reflectionProbeF.glsl,viewer.misc,82,0,0,0,0,0,0,0,0,0,0,0,0,0,0
indra/newview/app_settings/shaders/class1/deferred/fullbrightShinyV.glsl,viewer.misc,82,0,0,0,0,0,0,0,0,0,0,0,0,0,0
indra/llmath/tests/llmodularmath_test.cpp,unknown,82,3,0,0,0,0,0,0,0,0,0,0,0,0,0
indra/llmessage/llmessagethrottle.h,network,81,3,0,0,0,0,0,0,0,0,0,0,0,0,0
indra/llmessage/llmessagetemplateparser.h,network,81,2,0,0,0,0,0,0,0,0,0,0,0,0,0
indra/newview/llfloaterlagmeter.h,ui,81,1,0,0,0,0,0,0,0,0,0,0,0,0,0
indra/newview/lldndbutton.h,viewer.misc,81,1,0,0,0,0,0,0,0,0,0,0,0,0,0
indra/newview/lldonotdisturbnotificationstorage.h,viewer.misc,81,5,0,0,0,0,0,0,0,0,0,0,0,0,0
indra/newview/VorbisFramework.h,viewer.misc,81,3,0,0,0,0,0,0,0,0,0,0,0,0,0
indra/newview/llpanellandaudio.h,ui,81,5,0,0,0,0,0,0,0,0,0,0,0,0,0
indra/llcommon/llcallbacklist.h,core,81,3,0,0,0,0,0,0,0,0,0,0,0,0,0
indra/llcommon/llliveappconfig.cpp,core,81,5,0,0,0,0,0,0,0,0,0,0,0,0,0
indra/llcorehttp/_httppolicyglobal.h,unknown,81,1,0,0,0,0,0,0,0,0,0,0,0,0,0
indra/llwindow/llkeyboardheadless.cpp,unknown,81,3,0,0,0,0,0,0,0,0,0,0,0,0,0
indra/llcommon/tests/llallocator_test.cpp,core,81,2,0,0,0,0,0,0,0,0,0,0,0,0,0
indra/newview/llparcelselection.h,viewer.misc,80,2,0,0,0,0,0,0,0,0,0,0,0,0,0
indra/newview/llfloaterhandler.cpp,ui,80,5,0,0,0,0,0,0,0,0,0,0,0,0,0
indra/newview/llnameeditor.h,viewer.misc,80,6,0,0,0,0,0,0,0,0,0,0,0,0,0
indra/newview/llvlmanager.h,viewer.misc,80,1,0,0,0,0,0,0,0,0,0,0,0,0,0
indra/newview/llfloatersearchreplace.h,ui,80,1,0,0,0,0,0,0,0,0,0,0,0,0,0
indra/newview/llfloaterbump.h,ui,80,2,0,0,0,0,0,0,0,0,0,0,0,0,0
indra/newview/llworldmapmessage.h,viewer.misc,80,1,0,0,0,0,0,0,0,0,0,0,0,0,0
indra/newview/llpostcard.cpp,viewer.misc,80,8,0,0,0,0,0,0,0,0,0,0,0,0,0
indra/newview/llpanelsnapshot.h,ui,80,2,0,0,0,0,0,0,0,0,0,0,0,0,0
indra/newview/llfloatermyenvironment.h,ui,80,5,0,0,0,0,0,0,0,0,0,0,0,0,0
indra/llcommon/is_approx_equal_fraction.h,core,80,2,0,0,0,0,0,0,0,0,0,0,0,0,0
indra/llui/llresizehandle.h,unknown,80,3,0,0,0,0,0,0,0,0,0,0,0,0,0
indra/newview/app_settings/shaders/class1/deferred/cofF.glsl,viewer.misc,80,0,0,0,0,0,0,0,0,0,0,0,0,0,0
indra/newview/app_settings/shaders/class1/deferred/fsr2/fsr2_rcas.comp.glsl,viewer.misc,80,0,0,0,0,0,0,0,0,0,0,0,0,0,0
indra/newview/llfloatercreatelandmark.h,ui,79,1,0,0,0,0,0,0,0,0,0,0,0,0,0
indra/newview/llfloaterbuy.h,ui,79,4,0,0,0,0,0,0,0,0,0,0,0,0,0
indra/newview/llaccountingcostmanager.h,viewer.misc,79,2,0,0,0,0,0,0,0,0,0,0,0,0,0
indra/newview/llfloateravatarwelcomepack.cpp,ui,79,7,0,0,0,0,0,0,0,0,0,0,0,0,0
indra/newview/llfloaterlandholdings.h,ui,79,1,0,0,0,0,0,0,0,0,0,0,0,0,0
indra/newview/llpanelplacestab.h,ui,79,1,0,0,0,0,0,0,0,0,0,0,0,0,0
indra/newview/llfloaterscriptedprefs.cpp,ui,79,6,0,0,0,0,0,0,0,0,0,0,0,0,0
indra/llcharacter/llkeyframefallmotion.h,unknown,79,2,0,0,0,0,0,0,0,0,0,0,0,0,0
indra/llphysicsextensionsos/llphysicsextensions.cpp,unknown,79,3,0,0,0,0,0,0,0,0,0,0,0,0,0
indra/llphysicsextensionsos/LLPathingLibStubImpl.h,unknown,79,1,0,0,0,0,0,0,1,0,0,0,0,0,0
indra/newview/app_settings/shaders/class1/deferred/postDeferredTonemap.glsl,viewer.misc,79,0,0,0,0,0,0,0,0,0,0,0,0,0,0
indra/llmessage/llxfer_mem.h,network,78,4,0,0,0,0,0,0,0,0,0,0,0,0,0
indra/llmessage/llhttpsdhandler.cpp,network,78,9,0,0,0,0,0,0,0,0,0,0,0,0,0
indra/llprimitive/legacy_object_types.h,unknown,78,0,0,0,0,0,0,0,0,0,0,0,0,0,0
indra/newview/lllistcontextmenu.h,viewer.misc,78,3,0,0,0,0,0,0,0,0,0,0,0,0,0
indra/newview/lldelayedgestureerror.h,viewer.misc,78,2,0,0,0,0,0,0,0,0,0,0,0,0,0
indra/newview/llviewerjointmesh.h,viewer.misc,78,5,0,0,0,0,0,0,0,0,0,0,0,0,0
indra/newview/llfloatertelehub.h,ui,78,1,0,0,0,0,0,0,0,0,0,0,0,0,0
indra/newview/llfloaterexperiences.h,ui,78,2,0,0,0,0,0,0,0,0,0,0,0,0,0
indra/newview/llpathfindingnavmeshstatus.h,viewer.misc,78,2,0,0,0,0,0,0,0,0,0,0,0,0,0
indra/newview/kokuarlvextras.h,viewer.misc,78,1,0,0,0,0,0,0,0,0,0,0,0,0,0
indra/newview/llhudeffect.h,viewer.misc,78,3,0,0,0,0,0,0,0,0,0,0,0,0,0
indra/newview/llsyntaxid.h,viewer.misc,78,4,0,0,0,0,0,0,0,0,0,0,0,0,0
indra/newview/llpanelappearancetab.cpp,ui,78,5,0,0,0,0,0,0,0,0,0,0,0,0,0
indra/newview/llfilteredwearablelist.h,viewer.misc,78,2,0,0,0,0,0,0,0,0,0,0,0,0,0
indra/newview/llviewerhome.cpp,viewer.misc,78,8,0,0,0,0,0,0,0,0,0,0,0,0,0
indra/llcommon/llsdjson.h,core,78,6,0,0,0,0,0,0,0,0,0,0,0,0,0
indra/llcommon/llbase64.cpp,core,78,4,0,0,0,0,0,0,0,0,0,0,0,0,0
indra/llmath/llsphere.h,unknown,78,4,0,0,0,0,0,0,0,0,0,0,0,0,0
indra/llui/llflyoutbutton.cpp,unknown,78,2,0,0,0,0,0,0,0,0,0,0,0,0,0
indra/llui/llsearchablecontrol.h,unknown,78,2,0,0,0,0,0,0,0,0,0,0,0,0,0
indra/llui/llf32uictrl.h,unknown,78,1,0,0,0,0,0,0,0,0,0,0,0,0,0
indra/llui/llresmgr.h,unknown,78,4,0,0,0,0,0,0,0,0,0,0,0,0,0
indra/newview/app_settings/shaders/class1/deferred/terrainV.glsl,viewer.misc,78,0,0,0,0,0,0,0,0,0,0,0,0,0,0
indra/llcommon/tests/llbase64_test.cpp,core,78,5,0,0,0,0,0,0,0,0,0,0,0,0,0
indra/newview/llfloatercamerapresets.h,ui,77,2,0,0,0,0,0,0,0,0,0,0,0,0,0
indra/newview/llagentaccess.h,viewer.misc,77,1,0,0,0,0,0,0,0,0,0,0,0,0,0
indra/newview/llpaneleventinfo.h,ui,77,1,0,0,0,0,0,0,0,0,0,0,0,0,0
indra/newview/llpanelplacestab.cpp,ui,77,8,0,0,0,0,0,0,0,0,0,0,0,0,0
indra/newview/llappviewerwin32.h,viewer.misc,77,1,0,0,0,0,0,0,0,0,0,0,0,0,0
indra/newview/llnamebox.h,viewer.misc,77,5,0,0,0,0,0,0,0,0,0,0,0,0,0
indra/newview/llflyoutcombobtn.h,viewer.misc,77,1,0,0,0,0,0,0,0,0,0,0,0,0,0
indra/newview/llscripteditor.h,viewer.misc,77,1,0,0,0,0,0,0,0,0,0,0,0,0,0
indra/newview/lltoolselectland.h,viewer.misc,77,2,0,0,0,0,0,0,0,0,0,0,0,0,0
indra/newview/app_settings/shaders/class3/deferred/waterHazeF.glsl,viewer.misc,77,0,0,0,0,0,0,0,0,0,0,0,0,0,0
indra/newview/app_settings/shaders/class1/interface/normaldebugG.glsl,viewer.misc,77,0,0,0,0,0,0,0,0,0,0,0,0,0,0
indra/newview/app_settings/shaders/class1/deferred/bumpV.glsl,viewer.misc,77,0,0,0,0,0,0,0,0,0,0,0,0,0,0
indra/llmessage/lltransfersourcefile.h,network,76,1,0,0,0,0,0,0,0,0,0,0,0,0,0
indra/llmessage/lltransfertargetfile.h,network,76,1,0,0,0,0,0,0,0,0,0,0,0,0,0
indra/newview/llfloatermemleak.h,ui,76,1,0,0,0,0,0,0,0,0,0,0,0,0,0
indra/newview/llstartuplistener.cpp,viewer.misc,76,4,0,0,0,0,0,0,0,0,0,0,0,0,0
indra/newview/llwebprofile.h,viewer.misc,76,5,0,0,0,0,0,0,0,0,0,0,0,0,0
indra/newview/llfloaternotificationsconsole.h,ui,76,2,0,0,0,0,0,0,0,0,0,0,0,0,0
indra/newview/llurldispatcherlistener.cpp,viewer.misc,76,3,0,0,0,0,0,0,0,0,0,0,0,0,0
indra/newview/llfilepicker_mac.h,viewer.misc,76,2,0,0,0,0,0,0,0,0,0,0,0,0,0
indra/llcommon/commoncontrol.h,core,76,3,0,0,0,0,0,0,0,0,0,0,0,0,0
indra/llmath/v4coloru.cpp,unknown,76,3,0,0,0,0,0,0,0,0,0,0,0,0,0
indra/llfilesystem/lldirguard.h,unknown,76,3,0,0,0,0,0,0,0,0,0,0,0,0,0
indra/newview/app_settings/shaders/class1/deferred/pbrShadowAlphaMaskV.glsl,viewer.misc,76,0,0,0,0,0,0,0,0,0,0,0,0,0,0
indra/newview/app_settings/shaders/class1/deferred/dofCombineF.glsl,viewer.misc,76,0,0,0,0,0,0,0,0,0,0,0,0,0,0
indra/llmessage/net.h,network,75,0,0,0,0,0,0,0,0,0,0,0,0,0,0
indra/newview/llplacesfolderview.h,viewer.misc,75,2,0,0,0,0,0,0,0,0,0,0,0,0,0
indra/newview/llpanelgroupbulk.h,ui,75,2,0,0,0,0,0,0,0,0,0,0,0,0,0
indra/newview/llskinningutil.h,viewer.misc,75,4,0,0,0,0,0,0,0,0,0,0,0,0,0
indra/newview/llfloatertos.h,ui,75,5,0,0,0,0,0,0,0,0,0,0,0,0,0
indra/newview/llfloateravatarrendersettings.h,ui,75,0,0,0,0,0,0,0,0,0,0,0,0,0,0
indra/newview/fsfloatercontactsetconfiguration.h,viewer.misc,75,1,0,0,0,0,0,0,0,0,0,0,0,0,0
indra/newview/llfloaterregionrestartschedule.h,ui,75,1,0,0,0,0,0,0,0,0,0,0,0,0,0
indra/llcommon/llstrider.h,core,75,1,0,0,0,0,0,0,0,0,0,0,0,0,0
indra/llcommon/u64.h,core,75,0,0,0,0,0,0,0,0,0,0,0,0,0,0
indra/llcorehttp/httpstats.h,unknown,75,5,0,0,0,0,0,0,0,0,0,0,0,0,0
indra/llmath/llsimdmath.h,unknown,75,15,0,0,0,0,0,0,0,0,0,0,0,0,0
indra/llwindow/lldragdropwin32.h,unknown,75,4,0,0,0,0,0,0,0,0,0,0,0,0,0
indra/llui/lltransutil.cpp,unknown,75,6,0,0,0,0,0,0,0,0,0,0,0,0,0
indra/llui/llflashtimer.h,unknown,75,2,0,0,0,0,0,0,0,0,0,0,0,0,0
indra/newview/app_settings/shaders/class1/interface/normaldebugV.glsl,viewer.misc,75,0,0,0,0,0,0,0,0,0,0,0,0,0,0
indra/newview/app_settings/shaders/class1/deferred/fullbrightV.glsl,viewer.misc,75,0,0,0,0,0,0,0,0,0,0,0,0,0,0
indra/newview/llsidepanelinventorysubpanel.h,viewer.misc,74,1,0,0,0,0,0,0,0,0,0,0,0,0,0
indra/newview/llpanelgroupcreate.h,ui,74,1,0,0,0,0,0,0,0,0,0,0,0,0,0
indra/newview/kokuafloaterstreaminfo.cpp,viewer.misc,74,5,0,0,0,0,0,0,0,0,0,0,0,0,0
indra/newview/llpanelmediasettingspermissions.h,ui,74,2,0,0,0,0,0,0,0,0,0,0,0,0,0
indra/newview/lltoastgroupnotifypanel.h,viewer.misc,74,5,0,0,0,0,0,0,0,0,0,0,0,0,0
indra/newview/llpanellandmedia.h,ui,74,4,0,0,0,0,0,0,0,0,0,0,0,0,0
indra/newview/llfloaterpostprocess.h,ui,74,1,0,0,0,0,0,0,0,0,0,0,0,0,0
indra/newview/llviewermedia_streamingaudio.h,viewer.misc,74,2,0,0,0,0,0,0,0,0,0,0,0,0,0
indra/newview/llblockedlistitem.h,viewer.misc,74,5,0,0,0,0,0,0,0,0,0,0,0,0,0
indra/llcrashlogger/llcrashlock.h,unknown,74,2,0,0,0,0,0,0,0,0,0,0,0,0,0
indra/llcommon/lockstatic.h,core,74,1,0,0,0,0,0,0,0,0,0,0,0,0,0
indra/llcommon/llcriticaldamp.h,core,74,3,0,0,0,0,0,0,0,0,0,0,0,0,0
indra/llcommon/lleventtimer.cpp,core,74,3,0,0,0,0,0,0,0,0,0,0,0,0,0
indra/llcorehttp/_httpopcancel.h,unknown,74,5,0,0,0,0,0,0,0,0,0,0,0,0,0
indra/llcorehttp/_httpopcancel.cpp,unknown,74,5,0,0,0,0,0,0,0,0,0,0,0,0,0
indra/llwindow/llmousehandler.h,unknown,74,3,0,0,0,0,0,0,0,0,0,0,0,0,0
indra/llui/llemojihelper.h,unknown,74,3,0,0,0,0,0,0,0,0,0,0,0,0,0
indra/newview/app_settings/shaders/class1/deferred/mareNISF.glsl,viewer.misc,74,0,0,0,0,0,0,0,0,0,0,0,0,0,0
indra/newview/app_settings/shaders/class1/windlight/atmosphericsVarsV.glsl,viewer.misc,74,0,0,0,0,0,0,0,0,0,0,0,0,0,0
indra/llmessage/llgenericstreamingmessage.cpp,network,73,3,0,0,0,0,0,0,0,0,0,0,0,0,0
indra/llprimitive/lltextureanim.h,assets.texture,73,2,0,0,0,0,0,0,0,0,0,0,0,0,0
indra/llaudio/lllistener.h,unknown,73,1,0,0,0,0,0,0,0,0,0,0,0,0,0
indra/newview/llpanelappearancetab.h,ui,73,1,0,0,0,0,0,0,0,0,0,0,0,0,0
indra/newview/llhudview.cpp,viewer.misc,73,12,0,0,0,0,0,0,0,0,0,0,0,0,0
indra/newview/llpanelland.h,ui,73,1,0,0,0,0,0,0,0,0,0,0,0,0,0
indra/newview/llnotificationmanager.cpp,viewer.misc,73,4,0,0,0,0,0,0,0,0,0,0,0,0,0
indra/newview/llfloaterinventorysettings.cpp,ui,73,4,0,0,0,0,0,0,0,0,0,0,0,0,0
indra/newview/llfloaterconversationpreview.h,ui,73,2,0,0,0,0,0,0,0,0,0,0,0,0,0
indra/newview/llfloatervoiceeffect.h,ui,73,2,0,0,0,0,0,0,0,0,0,0,0,0,0
indra/newview/llpanelhome.cpp,ui,73,4,0,0,0,0,0,0,0,0,0,0,0,0,0
indra/llcommon/lazyeventapi.cpp,core,73,5,0,0,0,0,0,0,0,0,0,0,0,0,0
indra/llcorehttp/_httpopsetpriority.h,unknown,73,4,0,0,0,0,0,0,0,0,0,0,0,0,0
indra/newview/app_settings/shaders/class1/deferred/pbrglowV.glsl,viewer.misc,73,0,0,0,0,0,0,0,0,0,0,0,0,0,0
indra/newview/app_settings/shaders/class1/deferred/bumpF.glsl,viewer.misc,73,0,0,0,0,0,0,0,0,0,0,0,0,0,0
indra/newview/app_settings/shaders/class1/deferred/shadowAlphaMaskV.glsl,viewer.misc,73,0,0,0,0,0,0,0,0,0,0,0,0,0,0
indra/newview/app_settings/shaders/class1/avatar/objectSkinV.glsl,world.avatar,73,0,0,0,0,0,0,0,0,0,0,0,0,0,0
indra/newview/llfloaterscriptdebug.h,ui,72,1,0,0,0,0,0,0,0,0,0,0,0,0,0
indra/newview/llfloatergridstatus.h,ui,72,3,0,0,0,0,0,0,0,0,0,0,0,0,0
indra/newview/llpanelvoicedevicesettings.h,ui,72,1,0,0,0,0,0,0,0,0,0,0,0,0,0
indra/newview/llscriptruntimeperms.h,viewer.misc,72,1,0,0,0,0,0,0,0,0,0,0,0,0,0
indra/newview/llpathfindingcharacterlist.cpp,viewer.misc,72,6,0,0,0,0,0,0,0,0,0,0,0,0,0
indra/newview/llagentlanguage.cpp,viewer.misc,72,7,0,0,0,0,0,0,0,0,0,0,0,0,0
indra/newview/llfloaterclassified.cpp,ui,72,2,0,0,0,0,0,0,0,0,0,0,0,0,0
indra/newview/llavatarrenderinfoaccountant.h,world.avatar,72,2,0,0,0,0,0,0,0,0,0,0,0,0,0
indra/newview/llpostcard.h,viewer.misc,72,3,0,0,0,0,0,0,0,0,0,0,0,0,0
indra/newview/lltextureinfo.h,assets.texture,72,4,0,0,0,0,0,0,0,0,0,0,0,0,0
indra/llcorehttp/_httppolicyclass.h,unknown,72,1,0,0,0,0,0,0,0,0,0,0,0,0,0
indra/llui/lluicolor.h,unknown,72,1,0,0,0,0,0,0,0,0,0,0,0,0,0
indra/llui/lleditmenuhandler.h,unknown,72,0,0,0,0,0,0,0,0,0,0,0,0,0,0
indra/llui/lltoggleablemenu.h,unknown,72,1,0,0,0,0,0,0,0,0,0,0,0,0,0
indra/newview/app_settings/shaders/class1/deferred/diffuseV.glsl,viewer.misc,72,0,0,0,0,0,0,0,0,0,0,0,0,0,0
indra/newview/app_settings/shaders/class1/deferred/starsF.glsl,viewer.misc,72,0,0,0,0,0,0,0,0,0,0,0,0,0,0
indra/newview/app_settings/shaders/class1/deferred/emissiveV.glsl,viewer.misc,72,0,0,0,0,0,0,0,0,0,0,0,0,0,0
indra/newview/llhudeffectbeam.h,viewer.misc,71,3,0,0,0,0,0,0,0,0,0,0,0,0,0
indra/newview/fsmoneytracker.h,viewer.misc,71,2,0,0,0,0,0,0,0,0,0,0,0,0,0
indra/newview/llwearablelist.h,viewer.misc,71,4,0,0,0,0,0,0,0,0,0,0,0,0,0
indra/newview/llfloatergroupactions.h,ui,71,1,0,0,0,0,0,0,0,0,0,0,0,0,0
indra/newview/llfloatermarketplace.cpp,ui,71,4,0,0,0,0,0,0,0,0,0,0,0,0,0
indra/newview/llfloateradvancedbuildoptions.cpp,ui,71,6,0,0,0,0,0,0,0,0,0,0,0,0,0
indra/newview/llfloaterbuycurrency.h,ui,71,3,0,0,0,0,0,0,0,0,0,0,0,0,0
indra/newview/llfloaterspellchecksettings.h,ui,71,1,0,0,0,0,0,0,0,0,0,0,0,0,0
indra/llcommon/llmemorystream.cpp,core,71,2,0,0,0,0,0,0,0,0,0,0,0,0,0
indra/llcommon/llformat.cpp,core,71,3,0,0,0,0,0,0,0,0,0,0,0,0,0
indra/llcommon/linden_common.h,core,71,18,0,0,0,0,0,0,0,0,0,0,0,0,0
indra/newview/tests/lldir_stub.cpp,viewer.misc,71,0,0,0,0,0,0,0,0,0,0,0,0,0,0
indra/newview/app_settings/shaders/class1/deferred/moonF.glsl,viewer.misc,71,0,0,0,0,0,0,0,0,0,0,0,0,0,0
indra/newview/app_settings/shaders/class1/deferred/avatarAlphaShadowV.glsl,world.avatar,71,0,0,0,0,0,0,0,0,0,0,0,0,0,0
indra/newview/app_settings/shaders/class1/deferred/terrainF.glsl,viewer.misc,71,0,0,0,0,0,0,0,0,0,0,0,0,0,0
indra/newview/app_settings/shaders/class1/avatar/avatarV.glsl,world.avatar,71,0,0,0,0,0,0,0,0,0,0,0,0,0,0
indra/llcommon/tests/threadsafeschedule_test.cpp,core,71,4,0,0,0,0,0,0,0,0,0,0,0,0,0
indra/newview/llfloaterregionrestarting.h,ui,70,3,0,0,0,0,0,0,0,0,0,0,0,0,0
indra/newview/lltoolpipette.h,viewer.misc,70,3,0,0,0,0,0,0,0,0,0,0,0,0,0
indra/newview/llpatchvertexarray.h,viewer.misc,70,0,0,0,0,0,0,0,0,0,0,0,0,0,0
indra/newview/lldebugview.h,viewer.misc,70,1,0,0,0,0,0,0,0,0,0,0,0,0,0
indra/llinventory/llnotecard.h,unknown,70,2,0,0,0,0,0,0,0,0,0,0,0,0,0
indra/llcommon/llliveappconfig.h,core,70,2,0,0,0,0,0,0,0,0,0,0,0,0,0
indra/llcommon/llatomic.h,core,70,2,0,0,0,0,0,0,0,0,0,0,0,0,0
indra/llui/llfolderviewmodel.cpp,unknown,70,3,0,0,0,0,0,0,0,0,0,0,0,0,0
indra/llinventory/tests/llparcel_test.cpp,unknown,70,4,0,0,0,0,0,0,0,0,0,0,0,0,0
indra/llaudio/lllistener_ds3d.h,unknown,69,4,0,0,0,0,0,0,0,0,0,0,0,0,0
indra/newview/llfloaterurlentry.h,ui,69,4,0,0,0,0,0,0,0,0,0,0,0,0,0
indra/newview/llweb.h,viewer.misc,69,1,0,0,0,0,0,0,0,0,0,0,0,0,0
indra/newview/llvoinventorylistener.h,viewer.misc,69,1,0,0,0,0,0,0,0,0,0,0,0,0,0
indra/newview/llvoicecallhandler.cpp,viewer.misc,69,5,0,0,0,0,0,0,0,0,0,0,0,0,0
indra/llcommon/llprocinfo.h,core,69,1,0,0,0,0,0,0,0,0,0,0,0,0,0
indra/llcommon/llcrc.h,core,69,0,0,0,0,0,0,0,0,0,0,0,0,0,0
indra/llcommon/llheartbeat.h,core,69,2,0,0,0,0,0,0,0,0,0,0,0,0,0
indra/llmath/llbboxlocal.h,unknown,69,1,0,0,0,0,0,0,0,0,0,0,0,0,0
indra/llui/llstatview.h,unknown,69,2,0,0,0,0,0,0,0,0,0,0,0,0,0
indra/llui/llflyoutbutton.h,unknown,69,1,0,0,0,0,0,0,0,0,0,0,0,0,0
indra/llui/llnotificationslistener.h,unknown,69,4,0,0,0,0,0,0,0,0,0,0,0,0,0
indra/llui/llundo.h,unknown,69,0,0,0,0,0,0,0,0,0,0,0,0,0,0
indra/newview/app_settings/shaders/class1/deferred/luminanceF.glsl,viewer.misc,69,0,0,0,0,0,0,0,0,0,0,0,0,0,0
indra/llmessage/llxorcipher.h,network,68,1,0,0,0,0,0,0,0,0,0,0,0,0,0
indra/llmessage/lltemplatemessagedispatcher.cpp,network,68,6,0,0,0,0,0,0,0,0,0,0,0,0,0
indra/newview/llviewertextureanim.h,assets.texture,68,2,0,0,0,0,0,0,0,0,0,0,0,0,0
indra/newview/llviewerjoint.h,viewer.misc,68,2,0,0,0,0,0,0,0,0,0,0,0,0,0
indra/newview/llnotificationmanager.h,viewer.misc,68,4,0,0,0,0,0,0,0,0,0,0,0,0,0
indra/newview/lltexturestats.cpp,assets.texture,68,8,0,0,0,0,0,0,0,0,0,0,0,0,0
indra/newview/llfloatermap.h,ui,68,1,0,0,0,0,0,0,0,0,0,0,0,0,0
indra/newview/llviewerhelputil.cpp,viewer.misc,68,8,0,0,0,0,0,0,0,0,0,0,0,0,0
indra/newview/llfloaterexperiencepicker.h,ui,68,1,0,0,0,0,0,0,0,0,0,0,0,0,0
indra/newview/llfloaterbuycontents.h,ui,68,3,0,0,0,0,0,0,0,0,0,0,0,0,0
indra/newview/lllistview.cpp,viewer.misc,68,4,0,0,0,0,0,0,0,0,0,0,0,0,0
indra/newview/llpersistentnotificationstorage.h,viewer.misc,68,3,0,0,0,0,0,0,0,0,0,0,0,0,0
indra/newview/llshareavatarhandler.cpp,world.avatar,68,5,0,0,0,0,0,0,0,0,0,0,0,0,0
indra/newview/llenvadapters.cpp,viewer.misc,68,4,0,0,0,0,0,0,0,0,0,0,0,0,0
indra/newview/llpanelvoiceeffect.h,ui,68,2,0,0,0,0,0,0,0,0,0,0,0,0,0
indra/newview/lllookshistorypanel.h,viewer.misc,68,4,0,0,0,0,0,0,0,0,0,0,0,0,0
indra/newview/llfloaterbulkupload.h,ui,68,1,0,0,0,0,0,0,0,0,0,0,0,0,0
indra/llimage/llimageworker.h,unknown,68,3,0,0,0,0,0,0,0,0,0,0,0,0,0
indra/llcommon/llleaplistener.h,core,68,4,0,0,0,0,0,0,0,0,0,0,0,0,0
indra/llui/llurlmatch.cpp,unknown,68,2,0,0,0,0,0,0,0,0,0,0,0,0,0
indra/llui/llnotificationsutil.h,unknown,68,3,0,0,0,0,0,0,0,0,0,0,0,0,0
indra/newview/app_settings/shaders/class1/deferred/pbrglowF.glsl,viewer.misc,68,0,0,0,0,0,0,0,0,0,0,0,0,0,0
indra/llcommon/tests/llcond_test.cpp,core,68,4,0,0,0,0,0,0,0,0,0,0,0,0,0
indra/test/setenv.h,unknown,67,1,0,0,0,0,0,0,0,0,0,0,0,0,0
indra/newview/llpanelgrouplandmoney.h,ui,67,3,0,0,0,0,0,0,0,0,0,0,0,0,0
indra/newview/llfloaterprofile.h,ui,67,3,0,0,0,0,0,0,0,0,0,0,0,0,0
indra/newview/llwlhandlers.h,viewer.misc,67,3,0,0,0,0,0,0,0,0,0,0,0,0,0
indra/newview/llfloatergotoline.h,ui,67,3,0,0,0,0,0,0,0,0,0,0,0,0,0
indra/newview/lltable.h,viewer.misc,67,0,0,0,0,0,0,0,0,0,0,0,0,0,0
indra/newview/llpathfindingobjectlist.h,viewer.misc,67,3,0,0,0,0,0,0,0,0,0,0,0,0,0
indra/newview/llcommunicationchannel.h,viewer.misc,67,5,0,0,0,0,0,0,0,0,0,0,0,0,0
indra/newview/lltinygltfhelper.h,viewer.misc,67,4,0,0,0,0,0,0,0,0,0,0,0,0,0
indra/llcorehttp/_httpopsetpriority.cpp,unknown,67,4,0,0,0,0,0,0,0,0,0,0,0,0,0
indra/llappearance/lljointdata.h,unknown,67,1,0,0,0,0,0,0,0,0,0,0,0,0,0
indra/llwindow/llmousehandler.cpp,unknown,67,1,0,0,0,0,0,0,0,0,0,0,0,0,0
indra/llui/llchatmentionhelper.h,unknown,67,3,0,0,0,0,0,0,0,0,0,0,0,0,0
indra/llui/llprogressbar.h,unknown,67,3,0,0,0,0,0,0,0,0,0,0,0,0,0
indra/newview/app_settings/shaders/class3/lighting/sumLightsSpecularV.glsl,viewer.misc,67,0,0,0,0,0,0,0,0,0,0,0,0,0,0
indra/newview/app_settings/shaders/class1/deferred/exposureF.glsl,viewer.misc,67,0,0,0,0,0,0,0,0,0,0,0,0,0,0
indra/llmessage/llteleportflags.h,network,66,0,0,0,0,0,0,0,0,0,0,0,0,0,0
indra/llaudio/lllistener_fmodex.h,unknown,66,1,0,0,0,0,0,0,0,0,0,0,0,0,0
indra/newview/llviewchildren.h,viewer.misc,66,0,0,0,0,0,0,0,0,0,0,0,0,0,0
indra/newview/llviewercontrol.h,viewer.misc,66,2,0,0,0,0,0,0,0,0,0,0,0,0,0
indra/newview/llchatmsgbox.h,viewer.misc,66,4,0,0,0,0,0,0,0,0,0,0,0,0,0
indra/newview/fsareasearchmenu.cpp,viewer.misc,66,4,0,0,0,0,0,0,0,0,0,0,0,0,0
indra/newview/llwind.h,viewer.misc,66,3,0,0,0,0,0,0,0,0,0,0,0,0,0
indra/newview/llviewermediaobserver.h,viewer.misc,66,2,0,0,0,0,0,0,0,0,0,0,0,0,0
indra/newview/llfloatermodeluploadbase.h,ui,66,3,0,0,0,0,0,0,0,0,0,0,0,0,0
indra/newview/llfloaterhelpbrowser.h,ui,66,2,0,0,0,0,0,0,0,0,0,0,0,0,0
indra/llinventory/lltransactionflags.h,unknown,66,0,0,0,0,0,0,0,0,0,0,0,0,0,0
indra/llcommon/llfixedbuffer.h,core,66,7,0,0,0,0,0,0,0,0,0,0,0,0,0
indra/llcommon/chrono.h,core,66,2,0,0,0,0,0,0,0,0,0,0,0,0,0
indra/llcommon/llmake.h,core,66,0,0,0,0,0,0,0,0,0,0,0,0,0,0
indra/llfilesystem/lldir_linux.h,unknown,66,3,0,0,0,0,0,0,0,0,0,0,0,0,0
indra/llui/lltextparser.h,unknown,66,3,0,0,0,0,0,0,0,0,0,0,0,0,0
indra/newview/app_settings/shaders/class1/deferred/velocityF.glsl,viewer.misc,66,0,0,0,0,0,0,0,4,0,0,0,0,0,0
indra/newview/app_settings/shaders/class1/deferred/fsr2/fsr2_lock.comp.glsl,viewer.misc,66,0,0,0,0,0,0,0,0,0,0,0,0,0,0
indra/llfilesystem/tests/lldiriterator_test.cpp,unknown,66,3,0,0,0,0,0,0,0,0,0,0,0,0,0
indra/llaudio/lllistener_fmodstudio.h,unknown,65,1,0,0,0,0,0,0,0,0,0,0,0,0,0
indra/newview/lltoolobjpicker.h,viewer.misc,65,3,0,0,0,0,0,0,0,0,0,0,0,0,0
indra/newview/llfloaterbuildoptions.h,ui,65,2,0,0,0,0,0,0,0,0,0,0,0,0,0
indra/newview/lltoolselectrect.h,viewer.misc,65,2,0,0,0,0,0,0,0,0,0,0,0,0,0
indra/newview/llimprocessing.h,viewer.misc,65,1,0,0,0,0,0,0,0,0,0,0,0,0,0
indra/newview/llfloateradvancedbuildoptions.h,ui,65,2,0,0,0,0,0,0,0,0,0,0,0,0,0
indra/newview/kokuachatbar.h,viewer.misc,65,3,0,0,0,0,0,0,0,0,0,0,0,0,0
indra/newview/llinspect.h,viewer.misc,65,2,0,0,0,0,0,0,0,0,0,0,0,0,0
indra/newview/llfloaterregiondebugconsole.h,ui,65,2,0,0,0,0,0,0,0,0,0,0,0,0,0
indra/newview/llsrv.cpp,viewer.misc,65,3,0,0,0,0,0,0,0,0,0,0,0,0,0
indra/newview/llpanelexperiencelog.h,ui,65,1,0,0,0,0,0,0,0,0,0,0,0,0,0
indra/llimage/llimagebmp.h,unknown,65,1,0,0,0,0,0,0,0,0,0,0,0,0,0
indra/llmath/llcalcparser.cpp,unknown,65,2,0,0,0,0,0,0,0,0,0,0,0,0,0
indra/llmath/llsdutil_math.h,unknown,65,0,0,0,0,0,0,0,0,0,0,0,0,0,0
indra/llwindow/llkeyboardmacosx.h,unknown,65,1,0,0,0,0,0,0,0,0,0,0,0,0,0
indra/llui/llstatview.cpp,unknown,65,8,0,0,0,0,0,0,0,0,0,0,0,0,0
indra/newview/app_settings/shaders/class1/deferred/diffuseAlphaMaskF.glsl,viewer.misc,65,0,0,0,0,0,0,0,0,0,0,0,0,0,0
indra/llcorehttp/tests/llcorehttp_test.h,unknown,65,5,0,0,0,0,0,0,0,0,0,0,0,0,0
indra/llmessage/llextendedstatus.h,network,64,0,0,0,0,0,0,0,0,0,0,0,0,0,0
indra/newview/llvoinventorylistener.cpp,viewer.misc,64,3,0,0,0,0,0,0,0,0,0,0,0,0,0
indra/newview/llpaneltiptoast.cpp,ui,64,2,0,0,0,0,0,0,0,0,0,0,0,0,0
indra/newview/lltoolplacer.h,viewer.misc,64,2,0,0,0,0,0,0,0,0,0,0,0,0,0
indra/newview/llscrollingpanelparambase.h,viewer.misc,64,2,0,0,0,0,0,0,0,0,0,0,0,0,0
indra/newview/llpaneldirweb.h,ui,64,2,0,0,0,0,0,0,0,0,0,0,0,0,0
indra/newview/llpathfindingcharacter.h,viewer.misc,64,2,0,0,0,0,0,0,0,0,0,0,0,0,0
indra/newview/llviewerhelp.h,viewer.misc,64,2,0,0,0,0,0,0,0,0,0,0,0,0,0
indra/newview/llplacesinventorypanel.h,viewer.misc,64,1,0,0,0,0,0,0,0,0,0,0,0,0,0
indra/newview/llappviewerlistener.cpp,viewer.misc,64,3,0,0,0,0,0,0,0,0,0,0,0,0,0
indra/newview/llinventorygallerymenu.h,viewer.misc,64,1,0,0,0,0,0,0,0,0,0,0,0,0,0
indra/newview/llfloatertoybox.h,ui,64,1,0,0,0,0,0,0,0,0,0,0,0,0,0
indra/llinventory/llinventorysettings.h,unknown,64,3,0,0,0,0,0,0,0,0,0,0,0,0,0
indra/llfilesystem/lldir_mac.h,unknown,64,2,0,0,0,0,0,0,0,0,0,0,0,0,0
indra/llui/llrngwriter.h,unknown,64,2,0,0,0,0,0,0,0,0,0,0,0,0,0
indra/llui/llctrlselectioninterface.cpp,unknown,64,3,0,0,0,0,0,0,0,0,0,0,0,0,0
indra/newview/app_settings/shaders/class1/deferred/SMAANeighborhoodBlendF.glsl,viewer.misc,64,0,0,0,0,0,0,0,0,0,0,0,0,0,0
indra/newview/app_settings/shaders/class1/deferred/shadowAlphaMaskF.glsl,viewer.misc,64,0,0,0,0,0,0,0,0,0,0,0,0,0,0
indra/newview/app_settings/shaders/class1/effects/glowExtractF.glsl,viewer.misc,64,0,0,0,0,0,0,0,0,0,0,0,0,0,0
indra/llmessage/llclassifiedflags.h,network,63,0,0,0,0,0,0,0,0,0,0,0,0,0,0
indra/llmessage/llmessagereader.cpp,network,63,2,0,0,0,0,0,0,0,0,0,0,0,0,0
indra/newview/fsfloateraddtocontactset.h,viewer.misc,63,4,0,0,0,0,0,0,0,0,0,0,0,0,0
indra/newview/llfloatermyscripts.h,ui,63,2,0,0,0,0,0,0,0,0,0,0,0,0,0
indra/newview/lltoastscripttextbox.h,viewer.misc,63,2,0,0,0,0,0,0,0,0,0,0,0,0,0
indra/newview/llpanelgroupinvite.h,ui,63,2,0,0,0,0,0,0,0,0,0,0,0,0,0
indra/newview/llfloaterevent.h,ui,63,2,0,0,0,0,0,0,0,0,0,0,0,0,0
indra/newview/app_settings/shaders/class1/interface/pbrTerrainBakeF.glsl,viewer.misc,63,0,0,0,0,0,0,0,0,0,0,0,0,0,0
indra/newview/app_settings/shaders/class1/deferred/impostorF.glsl,viewer.misc,63,0,0,0,0,0,0,0,0,0,0,0,0,0,0
indra/newview/app_settings/shaders/class1/deferred/fsr2/fsr2_depth_clip.comp.glsl,viewer.misc,63,0,0,0,0,0,0,0,0,0,0,0,0,0,0
indra/llmessage/llfollowcamparams.h,network,62,0,0,0,0,0,0,0,0,0,0,0,0,0,0
indra/llprimitive/lltree_common.h,unknown,62,0,0,0,0,0,0,0,0,0,0,0,0,0,0
indra/newview/viewerinfo.h,viewer.misc,62,1,0,0,0,0,0,0,0,0,0,0,0,0,0
indra/newview/llregionposition.h,viewer.misc,62,2,0,0,0,0,0,0,0,0,0,0,0,0,0
indra/newview/lluiavatar.cpp,world.avatar,62,9,0,0,0,0,0,0,0,0,0,0,0,0,0
indra/newview/llpopupview.h,viewer.misc,62,1,0,0,0,0,0,0,0,0,0,0,0,0,0
indra/newview/llpaneldirevents.h,ui,62,1,0,0,0,0,0,0,0,0,0,0,0,0,0
indra/llui/llbadgeowner.h,unknown,62,2,0,0,0,0,0,0,0,0,0,0,0,0,0
indra/newview/app_settings/shaders/class1/deferred/globalF.glsl,viewer.misc,62,0,0,0,0,0,0,0,0,0,0,0,0,0,0
indra/newview/app_settings/shaders/class1/deferred/avatarF.glsl,world.avatar,62,0,0,0,0,0,0,0,0,0,0,0,0,0,0
indra/llcommon/tests/llprocessor_test.cpp,core,62,3,0,0,0,0,0,0,0,0,0,0,0,0,0
indra/llmessage/lltaskname.h,network,61,0,0,0,0,0,0,0,0,0,0,0,0,0,0
indra/newview/llhudeffectresetskeleton.h,viewer.misc,61,1,0,0,0,0,0,0,0,0,0,0,0,0,0
indra/newview/llhudmanager.h,viewer.misc,61,1,0,0,0,0,0,0,0,0,0,0,0,0,0
indra/newview/lllistview.h,viewer.misc,61,2,0,0,0,0,0,0,0,0,0,0,0,0,0
indra/newview/llfloatersavecamerapreset.h,ui,61,1,0,0,0,0,0,0,0,0,0,0,0,0,0
indra/newview/llbrowsernotification.cpp,viewer.misc,61,6,0,0,0,0,0,0,0,0,0,0,0,0,0
indra/llcommon/llfindlocale.h,core,61,0,0,0,0,0,0,0,0,0,0,0,0,0,0
indra/llcommon/llmetrics.h,core,61,0,0,0,0,0,0,0,0,0,0,0,0,0,0
indra/llfilesystem/lldir_win32.h,unknown,61,1,0,0,0,0,0,0,0,0,0,0,0,0,0
indra/newview/app_settings/shaders/class1/deferred/diffuseAlphaMaskIndexedF.glsl,viewer.misc,61,0,0,0,0,0,0,0,0,0,0,0,0,0,0
indra/llmessage/llmsgvariabletype.h,network,60,0,0,0,0,0,0,0,0,0,0,0,0,0,0
indra/llaudio/llvorbisencode.h,unknown,60,0,0,0,0,0,0,0,0,0,0,0,0,0,0
indra/llaudio/lllistener_openal.h,unknown,60,4,0,0,0,0,0,0,0,0,0,0,0,0,0
indra/newview/llfloaterbuycurrencyhtml.h,ui,60,2,0,0,0,0,0,0,0,0,0,0,0,0,0
indra/newview/llnotificationhinthandler.cpp,viewer.misc,60,4,0,0,0,0,0,0,0,0,0,0,0,0,0
indra/newview/llagentui.h,viewer.misc,60,0,0,0,0,0,0,0,0,0,0,0,0,0,0
indra/newview/lltoolselect.h,viewer.misc,60,4,0,0,0,0,0,0,0,0,0,0,0,0,0
indra/newview/llhudrender.h,viewer.misc,60,1,0,0,0,0,0,0,0,0,0,0,0,0,0
indra/newview/llurldispatcher.h,viewer.misc,60,0,0,0,0,0,0,0,0,0,0,0,0,0,0
indra/newview/llfloatertestinspectors.h,ui,60,1,0,0,0,0,0,0,0,0,0,0,0,0,0
indra/llphysicsextensionsos/llphysicsextensions.h,unknown,60,3,0,0,0,0,0,0,0,0,0,0,0,0,0
indra/newview/app_settings/shaders/class3/deferred/waterHazeV.glsl,viewer.misc,60,0,0,0,0,0,0,0,0,0,0,0,0,0,0
indra/newview/app_settings/shaders/class1/deferred/gbufferUtil.glsl,viewer.misc,60,0,0,0,0,0,0,0,0,0,0,0,0,0,0
indra/newview/app_settings/shaders/class1/deferred/SMAAEdgeDetectF.glsl,viewer.misc,60,0,0,0,0,0,0,0,0,0,0,0,0,0,0
indra/newview/app_settings/shaders/class1/deferred/postDeferredGammaCorrect.glsl,viewer.misc,60,0,0,0,0,0,0,0,0,0,0,0,0,0,0
indra/newview/app_settings/shaders/class1/deferred/treeF.glsl,viewer.misc,60,0,0,0,0,0,0,0,0,0,0,0,0,0,0
indra/newview/app_settings/shaders/class1/objects/simpleNoColorV.glsl,viewer.misc,60,0,0,0,0,0,0,0,0,0,0,0,0,0,0
indra/newview/app_settings/shaders/class1/avatar/eyeballV.glsl,world.avatar,60,0,0,0,0,0,0,0,0,0,0,0,0,0,0
indra/llmessage/llpacketbuffer.h,network,59,2,0,0,0,0,0,0,0,0,0,0,0,0,0
indra/llmessage/llnullcipher.cpp,network,59,2,0,0,0,0,0,0,0,0,0,0,0,0,0
indra/llmessage/llsdappservices.h,network,59,0,0,0,0,0,0,0,0,0,0,0,0,0,0
indra/llaudio/llstreamingaudio.h,unknown,59,1,0,0,0,0,0,0,0,0,0,0,0,0,0
indra/newview/llurlwhitelist.h,viewer.misc,59,1,0,0,0,0,0,0,0,0,0,0,0,0,0
indra/newview/llpanelhome.h,ui,59,3,0,0,0,0,0,0,0,0,0,0,0,0,0
indra/newview/llfloaterconversationlog.h,ui,59,1,0,0,0,0,0,0,0,0,0,0,0,0,0
indra/newview/lltrackpicker.h,viewer.misc,59,1,0,0,0,0,0,0,0,0,0,0,0,0,0
indra/newview/utilitybar.h,viewer.misc,59,2,0,0,0,0,0,0,0,0,0,0,0,0,0
indra/newview/llfloatersaveprefpreset.h,ui,59,1,0,0,0,0,0,0,0,0,0,0,0,0,0
indra/newview/llfloaterchatmentionpicker.h,ui,59,1,0,0,0,0,0,0,0,0,0,0,0,0,0
indra/newview/llfloaterhowto.h,ui,59,1,0,0,0,0,0,0,0,0,0,0,0,0,0
indra/newview/llpathfindinglinksetlist.h,viewer.misc,59,2,0,0,0,0,0,0,0,0,0,0,0,0,0
indra/llcommon/llboost.h,core,59,1,0,0,0,0,0,0,0,0,0,0,0,0,0
indra/llcommon/llrefcount.cpp,core,59,3,0,0,0,0,0,0,0,0,0,0,0,0,0
indra/llwindow/llkeyboardwin32.h,unknown,59,1,0,0,0,0,0,0,0,0,0,0,0,0,0
indra/llwindow/lldxhardware.h,unknown,59,3,0,0,0,0,0,0,0,0,0,0,0,0,0
indra/llui/llcallbackmap.h,unknown,59,3,0,0,0,0,0,0,0,0,0,0,0,0,0
indra/llui/lluifwd.h,unknown,59,0,0,0,0,0,0,0,0,0,0,0,0,0,0
indra/llmessage/tests/llxfer_file_test.cpp,network,59,3,0,0,0,0,0,0,0,0,0,0,0,0,0
indra/newview/app_settings/shaders/class1/deferred/sunDiscF.glsl,viewer.misc,59,0,0,0,0,0,0,0,0,0,0,0,0,0,0
indra/newview/app_settings/shaders/class1/objects/bumpV.glsl,viewer.misc,59,0,0,0,0,0,0,0,0,0,0,0,0,0,0
indra/newview/app_settings/shaders/class1/lighting/lightFuncSpecularV.glsl,viewer.misc,59,0,0,0,0,0,0,0,0,0,0,0,0,0,0
indra/newview/app_settings/shaders/class1/lighting/lightFuncV.glsl,viewer.misc,59,0,0,0,0,0,0,0,0,0,0,0,0,0,0
indra/media_plugins/cef/dummy_volume_catcher.cpp,unknown,59,1,0,0,0,0,0,0,0,0,0,0,0,0,0
indra/newview/llloginhandler.h,viewer.misc,58,2,0,0,0,0,0,0,0,0,0,0,0,0,0
indra/newview/llmarketplacenotifications.h,viewer.misc,58,2,0,0,0,0,0,0,0,0,0,0,0,0,0
indra/newview/llwindowlistener.h,viewer.misc,58,2,0,0,0,0,0,0,0,0,0,0,0,0,3
indra/newview/lldrawpoolsky.cpp,render.draw_pool,58,2,0,0,0,0,0,0,0,0,7,0,0,0,0
indra/newview/llappviewermacosx-for-objc.h,viewer.misc,58,1,0,0,0,0,0,0,0,0,0,0,0,0,0
indra/newview/llnotificationstorage.h,viewer.misc,58,2,0,0,0,0,0,0,0,0,0,0,0,0,0
indra/newview/llfloateravatartextures.h,ui,58,4,0,0,0,0,0,0,0,0,0,0,0,0,0
indra/newview/lltoolindividual.h,viewer.misc,58,1,0,0,0,0,0,0,0,0,0,0,0,0,0
indra/newview/llpreviewanim.h,viewer.misc,58,2,0,0,0,0,0,0,0,0,0,0,0,0,0
indra/llcommon/llprocessor.h,core,58,2,0,0,0,0,0,0,0,0,0,0,0,0,0
indra/llui/lluiusage.h,unknown,58,3,0,0,0,0,0,0,0,0,0,0,0,0,0
indra/newview/app_settings/shaders/class2/deferred/sunLightF.glsl,viewer.misc,58,0,0,0,0,0,0,0,0,0,0,0,0,0,0
indra/newview/app_settings/shaders/class1/deferred/SMAABlendWeightsF.glsl,viewer.misc,58,0,0,0,0,0,0,0,0,0,0,0,0,0,0
indra/newview/app_settings/shaders/class1/objects/simpleColorF.glsl,viewer.misc,58,0,0,0,0,0,0,0,0,0,0,0,0,0,0
indra/newview/app_settings/shaders/class1/lighting/sumLightsSpecularV.glsl,viewer.misc,58,0,0,0,0,0,0,0,0,0,0,0,0,0,0
indra/llmessage/llmessageconfig.h,network,57,2,0,0,0,0,0,0,0,0,0,0,0,0,0
indra/llmessage/llcipher.h,network,57,0,0,0,0,0,0,0,0,0,0,0,0,0,0
indra/llmessage/machine.cpp,network,57,3,0,0,0,0,0,0,0,0,0,0,0,0,0
indra/llrender/llrendersphere.h,render.legacy_low_level,57,8,0,0,0,0,0,0,1,0,0,0,0,0,0
indra/newview/llpanelgroupexperiences.h,ui,57,1,0,0,0,0,0,0,0,0,0,0,0,0,0
indra/newview/llinventoryicon.h,viewer.misc,57,2,0,0,0,0,0,0,0,0,0,0,0,0,0
indra/newview/llfloaterforgetuser.h,ui,57,1,0,0,0,0,0,0,0,0,0,0,0,0,0
indra/newview/llcapabilityprovider.h,viewer.misc,57,2,0,0,0,0,0,0,0,0,0,0,0,0,0
indra/llcrashlogger/llcrashlookup.h,unknown,57,1,0,0,0,0,0,0,0,0,0,0,0,0,0
indra/llcommon/llmortician.h,core,57,2,0,0,0,0,0,0,0,0,0,0,0,0,0
indra/llcommon/llcommonutils.cpp,core,57,2,0,0,0,0,0,0,0,0,0,0,0,0,0
indra/llui/llviewinject.h,unknown,57,2,0,0,0,0,0,0,0,0,0,0,0,0,0
indra/llui/llbadgeholder.h,unknown,57,0,0,0,0,0,0,0,0,0,0,0,0,0,0
indra/newview/app_settings/shaders/class1/deferred/diffuseIndexedF.glsl,viewer.misc,57,0,0,0,0,0,0,0,0,0,0,0,0,0,0
indra/newview/app_settings/shaders/class1/deferred/diffuseAlphaMaskNoColorF.glsl,viewer.misc,57,0,0,0,0,0,0,0,0,0,0,0,0,0,0
indra/newview/app_settings/shaders/class1/deferred/pbrShadowAlphaBlendF.glsl,viewer.misc,57,0,0,0,0,0,0,0,0,0,0,0,0,0,0
indra/newview/app_settings/shaders/class1/windlight/atmosphericsHelpersV.glsl,viewer.misc,57,0,0,0,0,0,0,0,0,0,0,0,0,0,0
indra/newview/app_settings/shaders/class1/effects/glowF.glsl,viewer.misc,57,0,0,0,0,0,0,0,0,0,0,0,0,0,0
indra/llmessage/llloginflags.h,network,56,0,0,0,0,0,0,0,0,0,0,0,0,0,0
indra/llmessage/llhttpsdhandler.h,network,56,3,0,0,0,0,0,0,0,0,0,0,0,0,0
indra/newview/llproductinforequest.h,viewer.misc,56,3,0,0,0,0,0,0,0,0,0,0,0,0,0
indra/newview/llaccountingcost.h,viewer.misc,56,0,0,0,0,0,0,0,0,0,0,0,0,0,0
indra/newview/llpanelpulldown.h,ui,56,2,0,0,0,0,0,0,0,0,0,0,0,0,0
indra/newview/llpaneldirclassified.h,ui,56,1,0,0,0,0,0,0,0,0,0,0,0,0,0
indra/newview/llviewerchat.h,viewer.misc,56,3,0,0,0,0,0,0,0,0,0,0,0,0,0
indra/newview/llsnapshotmodel.h,viewer.misc,56,0,0,0,0,0,0,0,0,0,0,0,0,0,0
indra/newview/llviewerdisplayname.h,viewer.misc,56,1,0,0,0,0,0,0,0,0,0,0,0,0,0
indra/newview/llaudiosourcevo.h,viewer.misc,56,2,0,0,0,0,0,0,0,0,0,0,0,0,0
indra/newview/llpanelonlinestatus.cpp,ui,56,4,0,0,0,0,0,0,0,0,0,0,0,0,0
indra/newview/llfloaterpay.h,ui,56,1,0,0,0,0,0,0,0,0,0,0,0,0,0
indra/newview/llurlhistory.h,viewer.misc,56,1,0,0,0,0,0,0,0,0,0,0,0,0,0
indra/newview/llhasheduniqueid.cpp,viewer.misc,56,5,0,0,0,0,0,0,0,0,0,0,0,0,0
indra/llcorehttp/_mutex.h,unknown,56,1,0,0,0,0,0,0,0,0,0,0,0,0,0
indra/llmath/llbboxlocal.cpp,unknown,56,3,0,0,0,0,0,0,0,0,0,0,0,0,0
indra/llwindow/llkeyboardsdl.h,unknown,56,2,0,0,0,0,0,0,0,0,0,0,0,0,0
indra/llui/llfiltereditor.h,unknown,56,1,0,0,0,0,0,0,0,0,0,0,0,0,0
indra/llplugin/slplugin/slplugin-objc.h,unknown,56,0,0,0,0,0,0,0,0,0,0,0,0,0,0
indra/newview/app_settings/shaders/class1/deferred/avatarAlphaShadowF.glsl,world.avatar,56,0,0,0,0,0,0,0,0,0,0,0,0,0,0
indra/newview/app_settings/shaders/class1/deferred/avatarShadowV.glsl,world.avatar,56,0,0,0,0,0,0,0,0,0,0,0,0,0,0
indra/newview/app_settings/shaders/class1/windlight/atmosphericsV.glsl,viewer.misc,56,0,0,0,0,0,0,0,0,0,0,0,0,0,0
indra/newview/app_settings/shaders/class1/windlight/gammaF.glsl,viewer.misc,56,0,0,0,0,0,0,0,0,0,0,0,0,0,0
indra/newview/app_settings/shaders/class1/lighting/lightAlphaMaskNonIndexedF.glsl,viewer.misc,56,0,0,0,0,0,0,0,0,0,0,0,0,0,0
indra/llrender/llfontfreetypesvg.h,render.legacy_low_level,55,1,0,0,0,0,0,0,0,0,0,0,0,0,0
indra/llprimitive/material_codes.h,unknown,55,0,0,0,0,0,0,0,0,0,0,0,0,0,0
indra/llaudio/llaudiodecodemgr.h,unknown,55,5,0,0,0,0,0,0,0,0,0,0,0,0,0
indra/newview/llviewerfoldertype.h,viewer.misc,55,2,0,0,0,0,0,0,0,0,0,0,0,0,0
indra/newview/llappviewermacosx.h,viewer.misc,55,1,0,0,0,0,0,0,0,0,0,0,0,0,0
indra/newview/llimagefiltersmanager.h,viewer.misc,55,1,0,0,0,0,0,0,0,0,0,0,0,0,0
indra/newview/llhudeffectblob.h,viewer.misc,55,2,0,0,0,0,0,0,0,0,0,0,0,0,0
indra/newview/llfloaterimnearbychathandler.h,ui,55,1,0,0,0,0,0,0,0,0,0,0,0,0,0
indra/newview/llfloaterbigpreview.h,ui,55,1,0,0,0,0,0,0,0,0,0,0,0,0,0
indra/newview/lluploaddialog.h,viewer.misc,55,2,0,0,0,0,0,0,0,0,0,0,0,0,0
indra/newview/llhints.h,viewer.misc,55,3,0,0,0,0,0,0,0,0,0,0,0,0,0
indra/newview/llsaveoutfitcombobtn.h,viewer.misc,55,1,0,0,0,0,0,0,0,0,0,0,0,0,0
indra/llcommon/llthreadlocalstorage.h,core,55,1,0,0,0,0,0,0,0,0,0,0,0,0,0
indra/llcommon/ctype_workaround.h,core,55,1,0,0,0,0,0,0,0,0,0,0,0,0,0
indra/newview/app_settings/shaders/class2/deferred/sunLightSSAOF.glsl,viewer.misc,55,0,0,0,0,0,0,0,0,0,0,0,0,0,0
indra/newview/app_settings/shaders/class1/interface/twotexturecompareF.glsl,assets.texture,55,0,0,0,0,0,0,0,0,0,0,0,0,0,0
indra/newview/app_settings/shaders/class1/interface/pathfindingV.glsl,viewer.misc,55,0,0,0,0,0,0,0,0,0,0,0,0,0,0
indra/newview/app_settings/shaders/class1/deferred/starsV.glsl,viewer.misc,55,0,0,0,0,0,0,0,0,0,0,0,0,0,0
indra/newview/app_settings/shaders/class1/deferred/sunDiscV.glsl,viewer.misc,55,0,0,0,0,0,0,0,0,0,0,0,0,0,0
indra/media_plugins/cef/volume_catcher.h,unknown,55,1,0,0,0,0,0,0,0,0,0,0,0,0,0
indra/llplugin/llpluginmessageclasses.h,unknown,54,0,0,0,0,0,0,0,0,0,0,0,0,0,0
indra/newview/llfloaterloadprefpreset.h,ui,54,1,0,0,0,0,0,0,0,0,0,0,0,0,0
indra/newview/llappviewerlistener.h,viewer.misc,54,2,0,0,0,0,0,0,0,0,0,0,0,0,0
indra/newview/lltransientdockablefloater.h,viewer.misc,54,5,0,0,0,0,0,0,0,0,0,0,0,0,0
indra/newview/lltoolgun.h,viewer.misc,54,2,0,0,0,0,0,0,0,0,0,0,0,0,0
indra/newview/llfloaterdeleteprefpreset.h,ui,54,1,0,0,0,0,0,0,0,0,0,0,0,0,0
indra/newview/llviewerparcelmediaautoplay.h,viewer.misc,54,2,0,0,0,0,0,0,0,0,0,0,0,0,0
indra/newview/llpaneldirland.h,ui,54,1,0,0,0,0,0,0,0,0,0,0,0,0,0
indra/llcommon/llhash.h,core,54,1,0,0,0,0,0,0,0,0,0,0,0,0,0
indra/llcommon/llcommonutils.h,core,54,1,0,0,0,0,0,0,0,0,0,0,0,0,0
indra/llwindow/llappdelegate-objc.h,unknown,54,0,0,0,0,0,0,0,0,0,0,0,0,0,0
indra/llwindow/llwindowheadless.cpp,unknown,54,4,0,0,0,0,0,0,0,0,0,0,0,0,0
indra/llui/llfloaterreglistener.h,ui,54,1,0,0,0,0,0,0,0,0,0,0,0,0,0
indra/newview/app_settings/shaders/class1/interface/highlightV.glsl,viewer.misc,54,0,0,0,0,0,0,0,0,0,0,0,0,0,0
indra/newview/app_settings/shaders/class1/interface/gaussianF.glsl,viewer.misc,54,0,0,0,0,0,0,0,0,0,0,0,0,0,0
indra/newview/app_settings/shaders/class1/deferred/avatarAlphaMaskShadowF.glsl,world.avatar,54,0,0,0,0,0,0,0,0,0,0,0,0,0,0
indra/newview/app_settings/shaders/class1/deferred/diffuseF.glsl,viewer.misc,54,0,0,0,0,0,0,0,0,0,0,0,0,0,0
indra/llmessage/llhttpnodeadapter.h,network,53,1,0,0,0,0,0,0,0,0,0,0,0,0,0
indra/newview/llgesturelistener.h,viewer.misc,53,1,0,0,0,0,0,0,0,0,0,0,0,0,0
indra/newview/llstylemap.h,viewer.misc,53,3,0,0,0,0,0,0,0,0,0,0,0,0,0
indra/newview/llfloaterhoverheight.h,ui,53,1,0,0,0,0,0,0,0,0,0,0,0,0,0
indra/newview/llfloaterbanduration.h,ui,53,1,0,0,0,0,0,0,0,0,0,0,0,0,0
indra/newview/llmachineid.h,viewer.misc,53,0,0,0,0,0,0,0,0,0,0,0,0,0,0
indra/newview/lltextureinfodetails.h,assets.texture,53,2,0,0,0,0,0,0,0,0,0,0,0,0,0
indra/newview/llfloateraddpaymentmethod.h,ui,53,1,0,0,0,0,0,0,0,0,0,0,0,0,0
indra/llmath/llmodularmath.h,unknown,53,0,0,0,0,0,0,0,0,0,0,0,0,0,0
indra/newview/tests/llwldaycycle_stub.cpp,viewer.misc,53,0,0,0,0,0,0,0,0,0,0,0,0,0,0
indra/newview/app_settings/shaders/class1/deferred/materialF.glsl,viewer.misc,53,0,0,0,0,0,0,0,0,0,0,0,0,0,0
indra/newview/app_settings/shaders/class1/windlight/atmosphericsF.glsl,viewer.misc,53,0,0,0,0,0,0,0,0,0,0,0,0,0,0
indra/newview/app_settings/shaders/class1/lighting/lightAlphaMaskF.glsl,viewer.misc,53,0,0,0,0,0,0,0,0,0,0,0,0,0,0
indra/newview/app_settings/shaders/class1/effects/glowV.glsl,viewer.misc,53,0,0,0,0,0,0,0,0,0,0,0,0,0,0
indra/llmessage/llstoredmessage.h,network,52,3,0,0,0,0,0,0,0,0,0,0,0,0,0
indra/llmessage/llsdhttpserver.h,network,52,0,0,0,0,0,0,0,0,0,0,0,0,0,0
indra/newview/llpanelvolumepulldown.h,ui,52,2,0,0,0,0,0,0,0,0,0,0,0,0,0
indra/newview/llpanelpresetspulldown.h,ui,52,2,0,0,0,0,0,0,0,0,0,0,0,0,0
indra/newview/llviewerwindowlistener.h,ui.window,52,1,0,0,0,0,0,0,0,0,0,0,0,0,6
indra/newview/llfloaterslapptest.cpp,ui,52,5,0,0,0,0,0,0,0,0,0,0,0,0,0
indra/newview/llbuycurrencyhtml.h,viewer.misc,52,1,0,0,0,0,0,0,0,0,0,0,0,0,0
indra/newview/lltoolface.h,viewer.misc,52,1,0,0,0,0,0,0,0,0,0,0,0,0,0
indra/newview/fspose.cpp,viewer.misc,52,4,0,0,0,0,0,0,0,0,0,0,0,0,0
indra/newview/lltoastscriptquestion.h,viewer.misc,52,2,0,0,0,0,0,0,0,0,0,0,0,0,0
indra/newview/llpanelgenerictip.h,ui,52,1,0,0,0,0,0,0,0,0,0,0,0,0,0
indra/newview/llfloaterpreferenceviewadvanced.h,ui,52,2,0,0,0,0,0,0,0,0,0,0,0,0,0
indra/newview/llpanelloginlistener.cpp,ui,52,3,0,0,0,0,0,0,0,0,0,0,0,0,0
indra/newview/llpaneldirplaces.h,ui,52,1,0,0,0,0,0,0,0,0,0,0,0,0,0
indra/newview/llfloaterscriptedprefs.h,ui,52,1,0,0,0,0,0,0,0,0,0,0,0,0,0
indra/newview/llpaneltiptoast.h,ui,52,1,0,0,0,0,0,0,0,0,0,0,0,0,0
indra/newview/llappearance.h,viewer.misc,52,1,0,0,0,0,0,0,0,0,0,0,0,0,0
indra/llphysicsextensionsos/LLPhysicsExtensionsStubImpl.cpp,unknown,52,3,0,0,0,0,0,0,0,0,0,0,0,0,0
indra/llui/llf32uictrl.cpp,unknown,52,2,0,0,0,0,0,0,0,0,0,0,0,0,0
indra/llmessage/tests/lltestmessagesender.h,network,52,3,0,0,0,0,0,0,0,0,0,0,0,0,0
indra/newview/app_settings/shaders/class1/deferred/treeV.glsl,viewer.misc,52,0,0,0,0,0,0,0,0,0,0,0,0,0,0
indra/newview/app_settings/shaders/class1/deferred/SMAABlendWeightsV.glsl,viewer.misc,52,0,0,0,0,0,0,0,0,0,0,0,0,0,0
indra/newview/app_settings/shaders/class1/deferred/avatarEyesV.glsl,world.avatar,52,0,0,0,0,0,0,0,0,0,0,0,0,0,0
indra/llmessage/llgenericstreamingmessage.h,network,51,2,0,0,0,0,0,0,0,0,0,0,0,0,0
indra/llmessage/lltrustedmessageservice.h,network,51,2,0,0,0,0,0,0,0,0,0,0,0,0,0
indra/newview/llfloaterinventorysettings.h,ui,51,1,0,0,0,0,0,0,0,0,0,0,0,0,0
indra/newview/llfloaterhud.h,ui,51,1,0,0,0,0,0,0,0,0,0,0,0,0,0
indra/newview/llfloaterimnearbychatlistener.h,ui,51,1,0,0,0,0,0,0,0,0,0,0,0,0,0
indra/newview/llclassifiedinfo.cpp,viewer.misc,51,3,0,0,0,0,0,0,0,0,0,0,0,0,0
indra/newview/llviewercontrollistener.h,viewer.misc,51,1,0,0,0,0,0,0,0,0,0,0,0,0,0
indra/newview/llfloaterwhitelistentry.h,ui,51,1,0,0,0,0,0,0,0,0,0,0,0,0,0
indra/newview/llhudview.h,viewer.misc,51,2,0,0,0,0,0,0,0,0,0,0,0,0,0
indra/newview/llbox.h,viewer.misc,51,1,0,0,0,0,0,0,0,0,0,0,0,0,0
indra/newview/llfloaterbuyland.h,ui,51,0,0,0,0,0,0,0,0,0,0,0,0,0,0
indra/newview/exogroupmutelist.h,viewer.misc,51,1,0,0,0,0,0,0,0,0,0,0,0,0,0
indra/newview/lluiconstants.h,viewer.misc,51,0,0,0,0,0,0,0,0,0,0,0,0,0,0
indra/win_crash_logger/llcrashlookupwindows.h,unknown,51,2,0,0,0,0,0,0,0,0,0,0,0,0,0
indra/llui/lluiconstants.h,unknown,51,0,0,0,0,0,0,0,0,0,0,0,0,0,0
indra/llimagej2coj/llimagej2coj.h,unknown,50,1,0,0,0,0,0,0,0,0,0,0,0,0,0
indra/llrender/llrendernavprim.h,render.legacy_low_level,50,1,0,0,0,0,0,0,0,0,0,0,0,0,0
indra/newview/llfloaternewfeaturenotification.h,ui,50,1,0,0,0,0,0,0,0,0,0,0,0,0,0
indra/newview/llfloatersounddevices.h,ui,50,1,0,0,0,0,0,0,0,0,0,0,0,0,0
indra/newview/llfloaterpreviewtrash.h,ui,50,1,0,0,0,0,0,0,0,0,0,0,0,0,0
indra/newview/llpanelpresetscamerapulldown.h,ui,50,2,0,0,0,0,0,0,0,0,0,0,0,0,0
indra/newview/llxmlrpclistener.h,viewer.misc,50,1,0,0,0,0,0,0,0,0,0,0,0,0,0
indra/newview/llpanelgroupbulkban.h,ui,50,3,0,0,0,0,0,0,0,0,0,0,0,0,0
indra/newview/llinspecttexture.h,assets.texture,50,1,0,0,0,0,0,0,0,0,0,0,0,0,0
indra/newview/llfloaterwindowsize.h,ui,50,1,0,0,0,0,0,0,0,0,0,0,0,0,0
indra/newview/llurlfloaterdispatchhandler.h,viewer.misc,50,1,0,0,0,0,0,0,0,0,0,0,0,0,0
indra/newview/llviewerassettype.h,viewer.misc,50,3,0,0,0,0,0,0,0,0,0,0,0,0,0
indra/newview/llurldispatcherlistener.h,viewer.misc,50,1,0,0,0,0,0,0,0,0,0,0,0,0,0
indra/newview/llsceneview.h,viewer.misc,50,1,0,0,0,0,0,0,0,0,0,0,0,0,0
indra/newview/llnotificationlistview.h,viewer.misc,50,2,0,0,0,0,0,0,0,0,0,0,0,0,0
indra/newview/llfloatergroupinvite.h,ui,50,2,0,0,0,0,0,0,0,0,0,0,0,0,0
indra/llcommon/function_types.h,core,50,3,0,0,0,0,0,0,0,0,0,0,0,0,0
indra/llappearance/lljointpickname.h,unknown,50,0,0,0,0,0,0,0,0,0,0,0,0,0,0
indra/llui/llviewinject.cpp,unknown,50,2,0,0,0,0,0,0,0,0,0,0,0,0,0
indra/newview/app_settings/shaders/class1/avatar/avatarSkinV.glsl,world.avatar,50,0,0,0,0,0,0,0,0,0,0,0,0,0,0
indra/llmessage/lltemplatemessagedispatcher.h,network,49,4,0,0,0,0,0,0,0,0,0,0,0,0,0
indra/llmessage/llnullcipher.h,network,49,1,0,0,0,0,0,0,0,0,0,0,0,0,0
indra/llmessage/fscorehttputil.h,network,49,1,0,0,0,0,0,0,0,0,0,0,0,0,0
indra/newview/llpanelstreammetadata.cpp,ui,49,4,0,0,0,0,0,0,0,0,0,0,0,0,0
indra/newview/llfloatergroupbulkban.h,ui,49,2,0,0,0,0,0,0,0,0,0,0,0,0,0
indra/newview/llstartuplistener.h,viewer.misc,49,1,0,0,0,0,0,0,0,0,0,0,0,0,0
indra/newview/llviewerlayer.h,viewer.misc,49,0,0,0,0,0,0,0,0,0,0,0,0,0,0
indra/newview/llpaneldirpeople.h,ui,49,1,0,0,0,0,0,0,0,0,0,0,0,0,0
indra/newview/fskeywords.h,viewer.misc,49,1,0,0,0,0,0,0,0,0,0,0,0,0,0
indra/newview/llviewerdisplay.h,viewer.misc,49,0,0,0,0,0,0,0,0,0,0,0,0,0,0
indra/newview/llclassifiedinfo.h,viewer.misc,49,3,0,0,0,0,0,0,0,0,0,0,0,0,0
indra/newview/llpbrterrainfeatures.h,viewer.misc,49,1,0,0,0,0,0,0,0,0,0,0,0,0,0
indra/newview/llfloateravatarwelcomepack.h,ui,49,1,0,0,0,0,0,0,0,0,0,0,0,0,0
indra/newview/llfloatersearch.h,ui,49,2,0,0,0,0,0,0,0,0,0,0,0,0,0
indra/newview/llcommanddispatcherlistener.h,viewer.misc,49,1,0,0,0,0,0,0,0,0,0,0,0,0,0
indra/newview/llinventorylistener.h,viewer.misc,49,2,0,0,0,0,0,0,0,0,0,0,0,0,0
indra/newview/llrootview.h,viewer.misc,49,3,0,0,0,0,0,0,0,0,0,0,0,0,0
indra/newview/pieseparator.h,viewer.misc,49,2,0,0,0,0,0,0,0,0,0,0,0,0,0
indra/llwindow/llkeyboardheadless.h,unknown,49,1,0,0,0,0,0,0,0,0,0,0,0,0,0
indra/newview/app_settings/shaders/class3/deferred/screenSpaceReflPostV.glsl,viewer.misc,49,0,0,0,0,0,0,0,0,0,0,0,0,0,0
indra/newview/app_settings/shaders/class1/deferred/treeShadowSkinnedV.glsl,viewer.misc,49,0,0,0,0,0,0,0,0,0,0,0,0,0,0
indra/newview/app_settings/shaders/class1/windlight/atmosphericsVarsF.glsl,viewer.misc,49,0,0,0,0,0,0,0,0,0,0,0,0,0,0
indra/newview/llfloaterdestinations.h,ui,48,1,0,0,0,0,0,0,0,0,0,0,0,0,0
indra/newview/fsavatarsearchmenu.h,world.avatar,48,1,0,0,0,0,0,0,0,0,0,0,0,0,0
indra/newview/llwindebug.h,viewer.misc,48,3,0,0,0,0,0,0,0,0,0,0,0,0,0
indra/newview/llviewergenericmessage.h,viewer.misc,48,0,0,0,0,0,0,0,0,0,0,0,0,0,0
indra/newview/llpanelonlinestatus.h,ui,48,1,0,0,0,0,0,0,0,0,0,0,0,0,0
indra/newview/NACLfloaterexploresounds.h,viewer.misc,48,4,0,0,0,0,0,0,0,0,0,0,0,0,0
indra/newview/lluilistener.h,viewer.misc,48,2,0,0,0,0,0,0,0,0,0,0,0,0,0
indra/newview/llpanelloginlistener.h,ui,48,1,0,0,0,0,0,0,0,0,0,0,0,0,0
indra/newview/llpathfindingcharacterlist.h,viewer.misc,48,1,0,0,0,0,0,0,0,0,0,0,0,0,0
indra/newview/llpanelgenerictip.cpp,ui,48,4,0,0,0,0,0,0,0,0,0,0,0,0,0
indra/newview/llcylinder.h,viewer.misc,48,1,0,0,0,0,0,0,0,0,0,0,0,0,0
indra/newview/lldndbutton.cpp,viewer.misc,48,2,0,0,0,0,0,0,0,0,0,0,0,0,0
indra/newview/streamtitledisplay.h,viewer.misc,48,1,0,0,0,0,0,0,0,0,0,0,0,0,0
indra/llcommon/lldictionary.cpp,core,48,3,0,0,0,0,0,0,0,0,0,0,0,0,0
indra/llprimitive/tests/llmessagesystem_stub.cpp,unknown,48,1,0,0,0,0,0,0,0,0,0,0,0,0,0
indra/newview/app_settings/shaders/class2/deferred/softenLightV.glsl,viewer.misc,48,0,0,0,0,0,0,0,0,0,0,0,0,0,0
indra/newview/app_settings/shaders/class1/interface/debugV.glsl,viewer.misc,48,0,0,0,0,0,0,0,0,0,0,0,0,0,0
indra/newview/app_settings/shaders/class1/deferred/treeShadowF.glsl,viewer.misc,48,0,0,0,0,0,0,0,0,0,0,0,0,0,0
indra/newview/app_settings/shaders/class1/deferred/moonV.glsl,viewer.misc,48,0,0,0,0,0,0,0,0,0,0,0,0,0,0
indra/newview/app_settings/shaders/class1/deferred/SMAANeighborhoodBlendV.glsl,viewer.misc,48,0,0,0,0,0,0,0,0,0,0,0,0,0,0
indra/newview/app_settings/shaders/class1/lighting/sumLightsV.glsl,viewer.misc,48,0,0,0,0,0,0,0,0,0,0,0,0,0,0
indra/llcommon/tests/tuple_test.cpp,core,48,3,0,0,0,0,0,0,0,0,0,0,0,0,0
indra/llmessage/patch_code.h,network,47,0,0,0,0,0,0,0,0,0,0,0,0,0,0
indra/newview/lldrawpoolpbropaque.h,render.draw_pool,47,1,0,0,0,0,0,0,0,0,4,0,0,0,0
indra/newview/lldeferredsounds.cpp,viewer.misc,47,2,0,0,0,0,0,0,0,0,0,0,0,0,0
indra/newview/llappearancelistener.h,viewer.misc,47,1,0,0,0,0,0,0,0,0,0,0,0,0,0
indra/newview/llfloatermarketplace.h,ui,47,2,0,0,0,0,0,0,0,0,0,0,0,0,0
indra/llcharacter/llbvhconsts.h,unknown,47,0,0,0,0,0,0,0,0,0,0,0,0,0,0
indra/llimage/llimagepng.h,unknown,47,2,0,0,0,0,0,0,0,0,0,0,0,0,0
indra/llphysicsextensionsos/LLPhysicsExtensionsStubImpl.h,unknown,47,1,0,0,0,0,0,0,0,0,0,0,0,0,0
indra/llmath/llperlin.h,unknown,47,1,0,0,0,0,0,0,0,0,0,0,0,0,0
indra/llui/llspellcheckmenuhandler.h,unknown,47,0,0,0,0,0,0,0,0,0,0,0,0,0,0
indra/llui/llfiltereditor.cpp,unknown,47,2,0,0,0,0,0,0,0,0,0,0,0,0,0
indra/newview/app_settings/shaders/class1/deferred/pbrShadowAlphaMaskF.glsl,viewer.misc,47,0,0,0,0,0,0,0,0,0,0,0,0,0,0
indra/newview/app_settings/shaders/class1/lighting/lightNonIndexedF.glsl,viewer.misc,47,0,0,0,0,0,0,0,0,0,0,0,0,0,0
indra/newview/qtoolalign.h,viewer.misc,46,2,0,0,0,0,0,0,0,0,0,0,0,0,0
indra/newview/llpaneldirgroups.h,ui,46,1,0,0,0,0,0,0,0,0,0,0,0,0,0
indra/newview/lldeferredsounds.h,viewer.misc,46,2,0,0,0,0,0,0,0,0,0,0,0,0,0
indra/newview/llfloatersellland.h,ui,46,1,0,0,0,0,0,0,0,0,0,0,0,0,0
indra/newview/llfloaterclassified.h,ui,46,1,0,0,0,0,0,0,0,0,0,0,0,0,0
indra/newview/groupchatlistener.h,viewer.misc,46,1,0,0,0,0,0,0,0,0,0,0,0,0,0
indra/newview/lluiavatar.h,world.avatar,46,2,0,0,0,0,0,0,0,0,0,0,0,0,0
indra/llcommon/llsmoothstep.h,core,46,0,0,0,0,0,0,0,0,0,0,0,0,0,0
indra/llcorehttp/_refcounted.cpp,unknown,46,1,0,0,0,0,0,0,0,0,0,0,0,0,0
indra/llui/llbadgeholder.cpp,unknown,46,3,0,0,0,0,0,0,0,0,0,0,0,0,0
indra/llui/lltransutil.h,unknown,46,1,0,0,0,0,0,0,0,0,0,0,0,0,0
indra/newview/app_settings/shaders/class3/deferred/pointLightV.glsl,viewer.misc,46,0,0,0,0,0,0,0,0,0,0,0,0,0,0
indra/newview/app_settings/shaders/class1/interface/onetexturefilterF.glsl,assets.texture,46,0,0,0,0,0,0,0,0,0,0,0,0,0,0
indra/newview/app_settings/shaders/class1/deferred/diffuseNoColorV.glsl,viewer.misc,46,0,0,0,0,0,0,0,0,0,0,0,0,0,0
indra/newview/app_settings/shaders/class1/deferred/SMAAEdgeDetectV.glsl,viewer.misc,46,0,0,0,0,0,0,0,0,0,0,0,0,0,0
indra/llmessage/llmessagesenderinterface.h,network,45,2,0,0,0,0,0,0,0,0,0,0,0,0,0
indra/test/test.h,unknown,45,1,0,0,0,0,0,0,0,0,0,0,0,0,0
indra/newview/pieseparator.cpp,viewer.misc,45,3,0,0,0,0,0,0,0,0,0,0,0,0,0
indra/newview/llnotificationlistview.cpp,viewer.misc,45,2,0,0,0,0,0,0,0,0,0,0,0,0,0
indra/newview/llpreviewsound.h,viewer.misc,45,1,0,0,0,0,0,0,0,0,0,0,0,0,0
indra/newview/llresourcedata.h,viewer.misc,45,2,0,0,0,0,0,0,0,0,0,0,0,0,0
indra/newview/llpanelimcontrolpanel.cpp,ui,45,14,0,0,0,0,0,0,0,0,0,0,0,0,0
indra/newview/llfloaterchatvoicevolume.cpp,ui,45,2,0,0,0,0,0,0,0,0,0,0,0,0,0
indra/newview/llappviewerlinux_api_dbus.h,viewer.misc,45,3,0,0,0,0,0,0,0,0,0,0,0,0,0
indra/newview/llfloaterchatvoicevolume.h,ui,45,2,0,0,0,0,0,0,0,0,0,0,0,0,0
indra/newview/fsareasearchmenu.h,viewer.misc,45,1,0,0,0,0,0,0,0,0,0,0,0,0,0
indra/newview/chatbar_as_cmdline.h,viewer.misc,45,2,0,0,0,0,0,0,0,0,0,0,0,0,0
indra/llui/llhelp.h,unknown,45,0,0,0,0,0,0,0,0,0,0,0,0,0,0
indra/newview/app_settings/shaders/class1/interface/alphamaskF.glsl,viewer.misc,45,0,0,0,0,0,0,0,0,0,0,0,0,0,0
indra/newview/app_settings/shaders/class1/objects/bumpF.glsl,viewer.misc,45,0,0,0,0,0,0,0,0,0,0,0,0,0,0
indra/newview/app_settings/shaders/class1/objects/impostorF.glsl,viewer.misc,45,0,0,0,0,0,0,0,0,0,0,0,0,0,0
indra/newview/app_settings/shaders/class1/windlight/atmosphericsHelpersF.glsl,viewer.misc,45,0,0,0,0,0,0,0,0,0,0,0,0,0,0
indra/newview/app_settings/shaders/class1/lighting/lightF.glsl,viewer.misc,45,0,0,0,0,0,0,0,0,0,0,0,0,0,0
indra/newview/app_settings/shaders/class1/deferred/fsr2/fsr2_reconstruct_prev_depth.comp.glsl,viewer.misc,45,0,0,0,0,0,0,0,0,0,0,0,0,0,0
indra/newview/llviewerhome.h,viewer.misc,44,1,0,0,0,0,0,0,0,0,0,0,0,0,0
indra/newview/llpanelstreammetadata.h,ui,44,1,0,0,0,0,0,0,0,0,0,0,0,0,0
indra/newview/llfloatertestlistview.h,ui,44,1,0,0,0,0,0,0,0,0,0,0,0,0,0
indra/newview/llfloatersceneloadstats.h,ui,44,1,0,0,0,0,0,0,0,0,0,0,0,0,0
indra/llcommon/llformat.h,core,44,0,0,0,0,0,0,0,0,0,0,0,0,0,0
indra/llcommon/llcommon.h,core,44,2,0,0,0,0,0,0,0,0,0,0,0,0,0
indra/llfilesystem/lldir_utils_objc.h,unknown,44,1,0,0,0,0,0,0,0,0,0,0,0,0,0
indra/newview/app_settings/shaders/class1/interface/copyF.glsl,viewer.misc,44,0,0,0,0,0,0,0,0,0,0,0,0,0,0
indra/newview/app_settings/shaders/class1/deferred/shadowSkinnedV.glsl,viewer.misc,44,0,0,0,0,0,0,0,0,0,0,0,0,0,0
indra/newview/app_settings/shaders/class1/objects/simpleNoAtmosV.glsl,viewer.misc,44,0,0,0,0,0,0,0,0,0,0,0,0,0,0
indra/test/print.h,unknown,43,1,0,0,0,0,0,0,0,0,0,0,0,0,0
indra/newview/llfloaterfonttest.h,ui,43,1,0,0,0,0,0,0,0,0,0,0,0,0,0
indra/newview/llfloaterslapptest.h,ui,43,1,0,0,0,0,0,0,0,0,0,0,0,0,0
indra/llcommon/llcleanup.h,core,43,1,0,0,0,0,0,0,0,0,0,0,0,0,0
indra/newview/app_settings/shaders/class2/interface/reflectionprobeF.glsl,viewer.misc,43,0,0,0,0,0,0,0,0,0,0,0,0,0,0
indra/newview/app_settings/shaders/class1/interface/highlightSpecV.glsl,viewer.misc,43,0,0,0,0,0,0,0,0,0,0,0,0,0,0
indra/newview/app_settings/shaders/class1/interface/uiV.glsl,viewer.misc,43,0,0,0,0,0,0,0,0,0,0,0,0,0,0
indra/newview/app_settings/shaders/class1/interface/alphamaskV.glsl,viewer.misc,43,0,0,0,0,0,0,0,0,0,0,0,0,0,0
indra/newview/app_settings/shaders/class1/interface/pathfindingNoNormalV.glsl,viewer.misc,43,0,0,0,0,0,0,0,0,0,0,0,0,0,0
indra/newview/app_settings/shaders/class1/interface/highlightNormV.glsl,viewer.misc,43,0,0,0,0,0,0,0,0,0,0,0,0,0,0
indra/newview/app_settings/shaders/class1/interface/clipF.glsl,viewer.misc,43,0,0,0,0,0,0,0,0,0,0,0,0,0,0
indra/newview/app_settings/shaders/class1/deferred/highlightF.glsl,viewer.misc,43,0,0,0,0,0,0,0,0,0,0,0,0,0,0
indra/newview/app_settings/shaders/class1/deferred/postDeferredV.glsl,viewer.misc,43,0,0,0,0,0,0,0,0,0,0,0,0,0,0
indra/newview/app_settings/shaders/class1/objects/previewPhysicsV.glsl,viewer.misc,43,0,0,0,0,0,0,0,0,0,0,0,0,0,0
indra/llcorehttp/tests/test_allocator.h,unknown,43,2,0,0,0,0,0,0,0,0,0,0,0,0,0
indra/newview/llviewerhelputil.h,viewer.misc,42,0,0,0,0,0,0,0,0,0,0,0,0,0,0
indra/newview/llinventoryactions.h,viewer.misc,42,1,0,0,0,0,0,0,0,0,0,0,0,0,0
indra/newview/sanitycheck.h,viewer.misc,42,1,0,0,0,0,0,0,0,0,0,0,0,0,0
indra/newview/llfloaterfonttest.cpp,ui,42,3,0,0,0,0,0,0,0,0,0,0,0,0,0
indra/llinventory/llinvtranslationbrdg.h,unknown,42,0,0,0,0,0,0,0,0,0,0,0,0,0,0
indra/llcommon/llpredicate.cpp,core,42,2,0,0,0,0,0,0,0,0,0,0,0,0,0
indra/llcommon/llinstancetracker.cpp,core,42,3,0,0,0,0,0,0,0,0,0,0,0,0,0
indra/newview/app_settings/shaders/class1/interface/twotexturecompareV.glsl,assets.texture,42,0,0,0,0,0,0,0,0,0,0,0,0,0,0
indra/newview/app_settings/shaders/class1/interface/glowcombineFXAAF.glsl,viewer.misc,42,0,0,0,0,0,0,0,0,0,0,0,0,0,0
indra/newview/app_settings/shaders/class1/deferred/postDeferredVisualizeBuffers.glsl,viewer.misc,42,0,0,0,0,0,0,0,0,0,0,0,0,0,0
indra/llprimitive/material_codes.cpp,unknown,41,3,0,0,0,0,0,0,0,0,0,0,0,0,0
indra/newview/llagentlanguage.h,viewer.misc,41,0,0,0,0,0,0,0,0,0,0,0,0,0,0
indra/newview/llfloatersceneloadstats.cpp,ui,41,2,0,0,0,0,0,0,0,0,0,0,0,0,0
indra/newview/llfloateruipreview.h,ui,41,0,0,0,0,0,0,0,0,0,0,0,0,0,0
indra/llimage/llmapimagetype.h,unknown,41,0,0,0,0,0,0,0,0,0,0,0,0,0,0
indra/llui/lleditmenuhandler.cpp,unknown,41,2,0,0,0,0,0,0,0,0,0,0,0,0,0
indra/llkdu/include_kdu_xxxx.h,unknown,41,0,0,0,0,0,0,0,0,0,0,0,0,0,0
indra/newview/app_settings/shaders/class1/interface/pbrTerrainBakeV.glsl,viewer.misc,41,0,0,0,0,0,0,0,0,0,0,0,0,0,0
indra/newview/app_settings/shaders/class1/interface/occlusionSkinnedV.glsl,viewer.misc,41,0,0,0,0,0,0,0,0,0,0,0,0,0,0
indra/newview/app_settings/shaders/class1/deferred/shadowCubeV.glsl,viewer.misc,41,0,0,0,0,0,0,0,0,0,0,0,0,0,0
indra/newview/app_settings/shaders/class1/deferred/treeShadowV.glsl,viewer.misc,41,0,0,0,0,0,0,0,0,0,0,0,0,0,0
indra/newview/app_settings/shaders/class1/objects/impostorV.glsl,viewer.misc,41,0,0,0,0,0,0,0,0,0,0,0,0,0,0
indra/newview/fsfloaterposestand.h,viewer.misc,40,2,0,0,0,0,0,0,0,0,0,0,0,0,0
indra/newview/llfloaterhandler.h,ui,40,1,0,0,0,0,0,0,0,0,0,0,0,0,0
indra/newview/RRInterfaceHelper.h,viewer.misc,40,0,0,0,0,0,0,0,0,0,0,0,0,0,0
indra/llcommon/llstacktrace.h,core,40,3,0,0,0,0,0,0,0,0,0,0,0,0,0
indra/newview/app_settings/shaders/class2/deferred/sunLightV.glsl,viewer.misc,40,0,0,0,0,0,0,0,0,0,0,0,0,0,0
indra/newview/app_settings/shaders/class1/interface/solidcolorF.glsl,viewer.misc,40,0,0,0,0,0,0,0,0,0,0,0,0,0,0
indra/newview/app_settings/shaders/class1/deferred/emissiveF.glsl,viewer.misc,40,0,0,0,0,0,0,0,0,0,0,0,0,0,0
indra/newview/app_settings/shaders/class1/deferred/impostorV.glsl,viewer.misc,40,0,0,0,0,0,0,0,0,0,0,0,0,0,0
indra/newview/app_settings/shaders/class1/deferred/genbrdflutV.glsl,viewer.misc,40,0,0,0,0,0,0,0,0,0,0,0,0,0,0
indra/newview/fsexportperms.h,viewer.misc,39,1,0,0,0,0,0,0,0,0,0,0,0,0,0
indra/newview/macutil_Prefix.h,viewer.misc,39,1,0,0,0,0,0,0,0,0,0,0,0,0,0
indra/newview/llfloaterdisplayname.h,ui,39,0,0,0,0,0,0,0,0,0,0,0,0,0,0
indra/newview/llfloaterabout.h,ui,39,0,0,0,0,0,0,0,0,0,0,0,0,0,0
indra/llcommon/llbase64.h,core,39,0,0,0,0,0,0,0,0,0,0,0,0,0,0
indra/llmessage/tests/lltestmessagesender.cpp,network,39,1,0,0,0,0,0,0,0,0,0,0,0,0,0
indra/newview/app_settings/shaders/class2/interface/reflectionprobeV.glsl,viewer.misc,39,0,0,0,0,0,0,0,0,0,0,0,0,0,0
indra/newview/app_settings/shaders/class1/interface/onetexturefilterV.glsl,assets.texture,39,0,0,0,0,0,0,0,0,0,0,0,0,0,0
indra/newview/app_settings/shaders/class1/interface/clipV.glsl,viewer.misc,39,0,0,0,0,0,0,0,0,0,0,0,0,0,0
indra/newview/app_settings/shaders/class1/interface/glowcombineFXAAV.glsl,viewer.misc,39,0,0,0,0,0,0,0,0,0,0,0,0,0,0
indra/newview/app_settings/shaders/class1/interface/occlusionCubeV.glsl,viewer.misc,39,0,0,0,0,0,0,0,0,0,0,0,0,0,0
indra/newview/app_settings/shaders/class1/interface/radianceGenV.glsl,viewer.misc,39,0,0,0,0,0,0,0,0,0,0,0,0,0,0
indra/newview/app_settings/shaders/class1/interface/benchmarkV.glsl,viewer.misc,39,0,0,0,0,0,0,0,0,0,0,0,0,0,0
indra/newview/app_settings/shaders/class1/interface/irradianceGenV.glsl,viewer.misc,39,0,0,0,0,0,0,0,0,0,0,0,0,0,0
indra/newview/app_settings/shaders/class1/interface/occlusionF.glsl,viewer.misc,39,0,0,0,0,0,0,0,0,0,0,0,0,0,0
indra/newview/app_settings/shaders/class1/interface/solidcolorV.glsl,viewer.misc,39,0,0,0,0,0,0,0,0,0,0,0,0,0,0
indra/newview/app_settings/shaders/class1/interface/glowcombineF.glsl,viewer.misc,39,0,0,0,0,0,0,0,0,0,0,0,0,0,0
indra/newview/app_settings/shaders/class1/deferred/postDeferredNoTCV.glsl,viewer.misc,39,0,0,0,0,0,0,0,0,0,0,0,0,0,0
indra/newview/app_settings/shaders/class1/objects/previewPhysicsF.glsl,viewer.misc,39,0,0,0,0,0,0,0,0,0,0,0,0,0,0
indra/newview/llviewerfloaterreg.h,viewer.misc,38,0,0,0,0,0,0,0,0,0,0,0,0,0,0
indra/newview/llviewerattachmenu.h,viewer.misc,38,0,0,0,0,0,0,0,0,0,0,0,0,0,0
indra/newview/llanimstatelabels.h,viewer.misc,38,0,0,0,0,0,0,0,0,0,0,0,0,0,0
indra/llcommon/llbase32.h,core,38,0,0,0,0,0,0,0,0,0,0,0,0,0,0
indra/llcommon/llsys_objc.h,core,38,1,0,0,0,0,0,0,0,0,0,0,0,0,0
indra/integration_tests/llui_libtest/llwidgetreg.h,unknown,38,0,0,0,0,0,0,0,0,0,0,0,0,0,0
indra/newview/tests/llsky_stub.cpp,viewer.misc,38,0,0,0,0,0,0,0,0,0,0,0,0,0,0
indra/newview/app_settings/shaders/class3/deferred/multiPointLightV.glsl,viewer.misc,38,0,0,0,0,0,0,0,0,0,0,0,0,0,0
indra/newview/app_settings/shaders/class1/interface/splattexturerectV.glsl,assets.texture,38,0,0,0,0,0,0,0,0,0,0,0,0,0,0
indra/newview/app_settings/shaders/class1/interface/glowcombineV.glsl,viewer.misc,38,0,0,0,0,0,0,0,0,0,0,0,0,0,0
indra/newview/app_settings/shaders/class1/deferred/blurLightV.glsl,viewer.misc,38,0,0,0,0,0,0,0,0,0,0,0,0,0,0
indra/newview/app_settings/shaders/class1/deferred/screenSpaceReflUtil.glsl,viewer.misc,38,0,0,0,0,0,0,0,0,0,0,0,0,0,0
indra/newview/app_settings/shaders/class1/objects/previewF.glsl,viewer.misc,38,0,0,0,0,0,0,0,0,0,0,0,0,0,0
indra/newview/app_settings/shaders/class1/effects/glowExtractV.glsl,viewer.misc,38,0,0,0,0,0,0,0,0,0,0,0,0,0,0
indra/llcommon/tests/StringVec.h,core,38,3,0,0,0,0,0,0,0,0,0,0,0,0,0
indra/llmessage/lleventflags.h,network,37,0,0,0,0,0,0,0,0,0,0,0,0,0,0
indra/llmessage/llmessagebuilder.cpp,network,37,2,0,0,0,0,0,0,0,0,0,0,0,0,0
indra/newview/lltextureinfodetails.cpp,assets.texture,37,2,0,0,0,0,0,0,0,0,0,0,0,0,0
indra/newview/llsrv.h,viewer.misc,37,0,0,0,0,0,0,0,0,0,0,0,0,0,0
indra/newview/app_settings/shaders/class1/interface/highlightF.glsl,viewer.misc,37,0,0,0,0,0,0,0,0,0,0,0,0,0,0
indra/newview/app_settings/shaders/class1/interface/reflectionmipF.glsl,viewer.misc,37,0,0,0,0,0,0,0,0,0,0,0,0,0,0
indra/newview/app_settings/shaders/class1/interface/uiF.glsl,viewer.misc,37,0,0,0,0,0,0,0,0,0,0,0,0,0,0
indra/newview/app_settings/shaders/class1/deferred/normgenV.glsl,viewer.misc,37,0,0,0,0,0,0,0,0,0,0,0,0,0,0
indra/newview/app_settings/shaders/class1/lighting/lightSpecularV.glsl,viewer.misc,37,0,0,0,0,0,0,0,0,0,0,0,0,0,0
indra/newview/llinspectavatar.h,world.avatar,36,0,0,0,0,0,0,0,0,0,0,0,0,0,0
indra/newview/lltexturestats.h,assets.texture,36,1,0,0,0,0,0,0,0,0,0,0,0,0,0
indra/newview/llfloatertestlistview.cpp,ui,36,2,0,0,0,0,0,0,0,0,0,0,0,0,0
indra/newview/llinspectgroup.h,viewer.misc,36,0,0,0,0,0,0,0,0,0,0,0,0,0,0
indra/newview/llfloatervoicevolume.h,ui,36,0,0,0,0,0,0,0,0,0,0,0,0,0,0
indra/newview/llagentdata.h,viewer.misc,36,0,0,0,0,0,0,0,0,0,0,0,0,0,0
indra/newview/llappviewermacosx-objc.h,viewer.misc,36,2,0,0,0,0,0,0,0,0,0,0,0,0,0
indra/llcommon/llwin32headers.h,core,36,2,0,0,0,0,0,0,0,0,0,0,0,0,0
indra/llcommon/llsdserialize_xml.h,core,36,1,0,0,0,0,0,0,0,0,0,0,0,0,0
indra/newview/app_settings/shaders/errorV.glsl,viewer.misc,36,0,0,0,0,0,0,0,0,0,0,0,0,0,0
indra/newview/app_settings/shaders/class3/lighting/lightV.glsl,viewer.misc,36,0,0,0,0,0,0,0,0,0,0,0,0,0,0
indra/newview/app_settings/shaders/class1/interface/benchmarkF.glsl,viewer.misc,36,0,0,0,0,0,0,0,0,0,0,0,0,0,0
indra/newview/app_settings/shaders/class1/deferred/dynamicVelocityF.glsl,viewer.misc,36,0,0,0,0,0,0,0,0,0,0,0,0,0,0
indra/test/lltestapp.h,unknown,35,1,0,0,0,0,0,0,0,0,0,0,0,0,0
indra/newview/llinspectremoteobject.h,viewer.misc,35,0,0,0,0,0,0,0,0,0,0,0,0,0,0
indra/newview/RRInterfaceVersion.h,viewer.misc,35,0,0,0,0,0,0,0,0,0,0,0,0,0,0
indra/newview/llhasheduniqueid.h,viewer.misc,35,1,0,0,0,0,0,0,0,0,0,0,0,0,0
indra/newview/llinspectobject.h,viewer.misc,35,0,0,0,0,0,0,0,0,0,0,0,0,0,0
indra/newview/llinspecttoast.h,viewer.misc,35,0,0,0,0,0,0,0,0,0,0,0,0,0,0
indra/newview/llagentdata.cpp,viewer.misc,35,2,0,0,0,0,0,0,0,0,0,0,0,0,0
indra/newview/llanimstatelabels.cpp,viewer.misc,35,3,0,0,0,0,0,0,0,0,0,0,0,0,0
indra/llui/llnotificationptr.h,unknown,35,0,0,0,0,0,0,0,0,0,0,0,0,0,0
indra/newview/app_settings/shaders/errorF.glsl,viewer.misc,35,0,0,0,0,0,0,0,0,0,0,0,0,0,0
indra/newview/app_settings/shaders/class1/interface/copyV.glsl,viewer.misc,35,0,0,0,0,0,0,0,0,0,0,0,0,0,0
indra/newview/app_settings/shaders/class1/interface/occlusionV.glsl,viewer.misc,35,0,0,0,0,0,0,0,0,0,0,0,0,0,0
indra/newview/app_settings/shaders/class1/deferred/shadowV.glsl,viewer.misc,35,0,0,0,0,0,0,0,0,0,0,0,0,0,0
indra/newview/app_settings/shaders/class1/deferred/avatarShadowF.glsl,world.avatar,35,0,0,0,0,0,0,0,0,0,0,0,0,0,0
indra/newview/app_settings/shaders/class1/objects/indexedTextureV.glsl,assets.texture,35,0,0,0,0,0,0,0,0,0,0,0,0,0,0
indra/newview/app_settings/shaders/class1/avatar/avatarF.glsl,world.avatar,35,0,0,0,0,0,0,0,0,0,0,0,0,0,0
indra/newview/app_settings/shaders/class1/avatar/eyeballF.glsl,world.avatar,35,0,0,0,0,0,0,0,0,0,0,0,0,0,0
indra/newview/app_settings/shaders/class1/environment/waterF.glsl,viewer.misc,35,0,0,0,0,0,0,0,0,0,0,0,0,0,0
indra/llmessage/llinvite.h,network,34,0,0,0,0,0,0,0,0,0,0,0,0,0,0
indra/newview/fspose.h,viewer.misc,34,1,0,0,0,0,0,0,0,0,0,0,0,0,0
indra/newview/lllightconstants.h,viewer.misc,34,0,0,0,0,0,0,0,0,0,0,0,0,0,0
indra/llcrashlogger/llcrashlookup.cpp,unknown,34,2,0,0,0,0,0,0,0,0,0,0,0,0,0
indra/newview/app_settings/shaders/class1/interface/pathfindingF.glsl,viewer.misc,34,0,0,0,0,0,0,0,0,0,0,0,0,0,0
indra/newview/app_settings/shaders/class1/interface/normaldebugF.glsl,viewer.misc,34,0,0,0,0,0,0,0,0,0,0,0,0,0,0
indra/newview/app_settings/shaders/class1/interface/debugF.glsl,viewer.misc,34,0,0,0,0,0,0,0,0,0,0,0,0,0,0
indra/newview/app_settings/shaders/class1/deferred/pbralphaF.glsl,viewer.misc,34,0,0,0,0,0,0,0,0,0,0,0,0,0,0
indra/llmessage/llstoredmessage.cpp,network,33,1,0,0,0,0,0,0,0,0,0,0,0,0,0
indra/llrender/lltexturemanagerbridge.cpp,render.legacy_low_level,33,1,0,0,0,0,0,0,0,0,0,0,0,0,0
indra/llcommon/llcleanup.cpp,core,33,4,0,0,0,0,0,0,0,0,0,0,0,0,0
indra/llcommon/llheteromap.cpp,core,33,2,0,0,0,0,0,0,0,0,0,0,0,0,0
indra/llcommon/llerrorlegacy.h,core,33,0,0,0,0,0,0,0,0,0,0,0,0,0,0
indra/llinventory/llinventorydefines.cpp,unknown,32,2,0,0,0,0,0,0,0,0,0,0,0,0,0
indra/llcommon/llstatenums.h,core,32,0,0,0,0,0,0,0,0,0,0,0,0,0,0
indra/newview/app_settings/shaders/class1/deferred/shadowF.glsl,viewer.misc,32,0,0,0,0,0,0,0,0,0,0,0,0,0,0
indra/newview/app_settings/shaders/class1/objects/nonindexedTextureV.glsl,assets.texture,32,0,0,0,0,0,0,0,0,0,0,0,0,0,0
indra/newview/app_settings/shaders/class1/objects/simpleF.glsl,viewer.misc,32,0,0,0,0,0,0,0,0,0,0,0,0,0,0
scripts/templates/template-h.h,unknown,32,0,0,0,0,0,0,0,0,0,0,0,0,0,0
indra/llcommon/llbitpack.cpp,core,31,2,0,0,0,0,0,0,0,0,0,0,0,0,0
indra/llcommon/llprofiler.cpp,core,31,2,0,0,0,0,0,0,0,0,0,0,0,0,0
indra/llcommon/llclickaction.h,core,31,0,0,0,0,0,0,0,0,0,0,0,0,0,0
indra/llmath/llmodularmath.cpp,unknown,31,2,0,0,0,0,0,0,0,0,0,0,0,0,0
indra/llmath/llrect.cpp,unknown,31,2,0,0,0,0,0,0,0,0,0,0,0,0,0
indra/integration_tests/llui_libtest/llui_libtest.h,unknown,31,0,0,0,0,0,0,0,0,0,0,0,0,0,0
indra/newview/app_settings/shaders/class1/deferred/rlvV.glsl,viewer.misc,31,0,0,0,0,0,0,0,0,0,0,0,0,0,0
scripts/templates/template-cpp.cpp,unknown,31,0,0,0,0,0,0,0,0,0,0,0,0,0,0
indra/llcommon/llthreadsafequeue.cpp,core,30,2,0,0,0,0,0,0,0,0,0,0,0,0,0
indra/llcommon/apply.cpp,core,30,3,0,0,0,0,0,0,0,0,0,0,0,0,0
indra/llcommon/llinitdestroyclass.cpp,core,30,3,0,0,0,0,0,0,0,0,0,0,0,0,0
indra/llmath/lloctree.cpp,unknown,30,1,0,0,0,0,0,0,0,0,0,0,0,0,0
indra/integration_tests/llimage_libtest/llimage_libtest.h,unknown,30,0,0,0,0,0,0,0,0,0,0,0,0,0,0
indra/newview/tests/llwlanimator_stub.cpp,viewer.misc,30,0,0,0,0,0,0,0,0,0,0,0,0,0,0
indra/newview/app_settings/shaders/class1/deferred/avatarVelocityF.glsl,world.avatar,30,0,0,0,0,0,0,0,0,0,0,0,0,0,0
indra/llcommon/llatomic.cpp,core,29,1,0,0,0,0,0,0,0,0,0,0,0,0,0
indra/llmath/camera.h,unknown,28,1,0,0,0,0,0,0,0,0,0,0,0,0,0
indra/llmath/coordframe.h,unknown,28,1,0,0,0,0,0,0,0,0,0,0,0,0,0
indra/llcommon/timer.h,core,27,1,0,0,0,0,0,0,0,0,0,0,0,0,0
indra/llcommon/string_table.h,core,27,1,0,0,0,0,0,0,0,0,0,0,0,0,0
indra/llcommon/threadpool_fwd.h,core,26,1,0,0,0,0,0,0,0,0,0,0,0,0,0
indra/cmake/cmake_dummy.cpp,unknown,25,0,0,0,0,0,0,0,0,0,0,0,0,0,0
indra/llcommon/llstreamqueue.cpp,core,25,2,0,0,0,0,0,0,0,0,0,0,0,0,0
indra/newview/app_settings/shaders/class1/deferred/velocityV.glsl,viewer.misc,25,0,0,0,0,0,0,0,0,0,0,0,0,0,0
indra/llcommon/llmainthreadtask.cpp,core,23,2,0,0,0,0,0,0,0,0,0,0,0,0,0
indra/llcommon/mutex.h,core,23,1,0,0,0,0,0,0,0,0,0,0,0,0,0
indra/llcommon/fix_macros.h,core,22,0,0,0,0,0,0,0,0,0,0,0,0,0,0
indra/newview/kokuafloaterstreaminfo.h,viewer.misc,18,1,0,0,0,0,0,0,0,0,0,0,0,0,0
indra/newview/app_settings/shaders/class1/deferred/mareCopyF.glsl,viewer.misc,18,0,0,0,0,0,0,0,0,0,0,0,0,0,0
indra/llcommon/classic_callback.cpp,core,17,0,0,0,0,0,0,0,0,0,0,0,0,0,0
indra/newview/app_settings/shaders/class1/deferred/mareUpscaleV.glsl,viewer.misc,15,0,0,0,0,0,0,0,0,0,0,0,0,0,0
indra/newview/llpanelpick.cpp,ui,2,0,0,0,0,0,0,0,0,0,0,0,0,0,0
indra/llmessage/llfiltersd2xmlrpc.cpp,network,1,0,0,0,0,0,0,0,0,0,0,0,0,0,0
indra/newview/llpanelpicks.cpp,ui,1,0,0,0,0,0,0,0,0,0,0,0,0,0,0
indra/newview/llfloaterpreferencesgraphicsadvanced.h,ui,1,0,0,0,0,0,0,0,0,0,0,0,0,0,0
indra/newview/llfloatereditwater.cpp,ui,1,0,0,0,0,0,0,0,0,0,0,0,0,0,0
indra/newview/llimpanel.cpp,viewer.misc,1,0,0,0,0,0,0,0,0,0,0,0,0,0,0
indra/newview/llfloatereditsky.cpp,ui,1,0,0,0,0,0,0,0,0,0,0,0,0,0,0
indra/newview/fspanelprofile.cpp,viewer.misc,1,0,0,0,0,0,0,0,0,0,0,0,0,0,0
indra/newview/llfloaterpreferencesgraphicsadvanced.cpp,ui,1,0,0,0,0,0,0,0,0,0,0,0,0,0,0
indra/newview/fspanelprofile.h,viewer.misc,1,0,0,0,0,0,0,0,0,0,0,0,0,0,0
indra/newview/fspanelprofileclassifieds.h,viewer.misc,1,0,0,0,0,0,0,0,0,0,0,0,0,0,0
indra/newview/fspanelprofileclassifieds.cpp,viewer.misc,1,0,0,0,0,0,0,0,0,0,0,0,0,0,0
indra/newview/llfloaterproperties.cpp,ui,1,0,0,0,0,0,0,0,0,0,0,0,0,0,0
indra/linux_crash_logger/linux_crash_logger.cpp,unknown,1,0,0,0,0,0,0,0,0,0,0,0,0,0,0
indra/linux_crash_logger/llcrashloggerlinux.cpp,unknown,1,0,0,0,0,0,0,0,0,0,0,0,0,0,0
indra/win_crash_logger/llcrashloggerwindows.h,unknown,1,0,0,0,0,0,0,0,0,0,0,0,0,0,0
indra/win_crash_logger/llcrashloggerwindows.cpp,unknown,1,0,0,0,0,0,0,0,0,0,0,0,0,0,0
indra/mac_crash_logger/llcrashloggermac.cpp,unknown,1,0,0,0,0,0,0,0,0,0,0,0,0,0,0
indra/newview/tests/llwlparammanager_test.cpp,viewer.misc,1,0,0,0,0,0,0,0,0,0,0,0,0,0,0
indra/media_plugins/gstreamer010/llmediaimplgstreamertriviallogging.h,unknown,1,0,0,0,0,0,0,0,0,0,0,0,0,0,0
indra/media_plugins/gstreamer010/llmediaimplgstreamer_syms.h,unknown,1,0,0,0,0,0,0,0,0,0,0,0,0,0,0
indra/media_plugins/gstreamer010/llmediaimplgstreamer_syms.cpp,unknown,1,0,0,0,0,0,0,0,0,0,0,0,0,0,0
indra/media_plugins/gstreamer010/llmediaimplgstreamervidplug.h,unknown,1,0,0,0,0,0,0,0,0,0,0,0,0,0,0
indra/media_plugins/gstreamer010/media_plugin_gstreamer010.cpp,unknown,1,0,0,0,0,0,0,0,0,0,0,0,0,0,0
indra/media_plugins/gstreamer010/llmediaimplgstreamervidplug.cpp,unknown,1,0,0,0,0,0,0,0,0,0,0,0,0,0,0
